184,[만화]웃기지만 생물 수업입니다 : 스토리가 있는 어린이 과학 지식 만화,2,1,1,CUFTA,193000,231600,2021-01-29
632,오늘이 내 인생의 봄날입니다 : 큰글자도서,1,2,2,BADWP,186000,223200,2021-2-27
474,(당뇨병치료 약을 버리고)아연으로 혈당을 낮취라!,1,3,3,XIPUJ,28000,33600,2021-03-29
438,스마트 시니어 폰맹 탈출하기 : 3060 만사핸통 시대의 디지털 리터러시 극복,1,4,4,STSKF,421000,505200,2021-04-29
630,오늘은 무슨 맛 : 큰글자도서,1,5,5,CPSFX,184000,220800,2021-05-29
623,어항에 사는 소년 : 큰글자도서,1,6,6,IKMIB,177000,212400,2021-06-29
726,당신의 유튜브를 컨설팅해드립니다 : 초보 크리에이터를 위한 유튜브 완벽 솔루션,1,7,7,DYDFR,99000,118800,2021-07-29
32,드래곤 하이,2,8,8,NUGAS,41000,49200,2021-08-29
553,강성태 66일 공부법 : 큰글자도서,1,9,9,PBBYH,107000,128400,2021-9-29
"1,068",작은 '한국전쟁'들 : 평화를 위한 비주얼 히스토리,1,10,10,YCBPO,79000,94800,2021-10-29
"1,034",혁명을 꿈꾼 독서가들 : 불온한 책 읽기의 문화사,1,11,11,LVOLZ,45000,54000,2021-11-29
6,포스트크리에이터 : 현대미술 올드 앤 나우,1,12,12,ZFEOZ,15000,18000,2021-12-29
102,별난마트에는 도깨비가 살아요,2,13,13,VOISG,111000,133200,2022-01-29
343,별난마트에는 도깨비가 살아요,2,13,13,VAXOF,352000,422400,2021-01-29
564,예술의 쓸모 : 큰글자도서,1,14,14,YRRLK,118000,141600,2021-2-27
371,길어도 너무 긴,2,15,15,HQGIQ,380000,456000,2021-03-29
334,굿바이 칭찬 스티커,2,16,16,QGWOS,343000,411600,2021-04-29
"1,061",신안,1,17,17,DPMOL,72000,86400,2021-05-29
25,오십부터는 노후 걱정 없이 살아야 한다 : 자식에게 기대던 시대에서 셀프부양의 시대로,1,18,18,PBYPI,34000,40800,2021-06-29
324,(파이어족 강환국의) 하면 된다! 퀀트 투자 : 부와 자유를 꿈꾸는 직장인을 위한 주식투자의 정석,1,19,19,JEKBJ,333000,399600,2021-07-29
319,똥볶이 할멈. 1 아이들을 지켜라,2,20,20,XTDEO,328000,393600,2021-08-29
768,협상 가능 : 어떤 상황에서도 원하는 것을 얻는 25가지 방법,1,21,21,FGEXL,141000,169200,2021-9-29
465,건강 나에게 물어봐 : 5분마다 더 건강한 삶을 만드는 생활건강 가이드북,1,22,22,FYJPC,19000,22800,2021-10-29
71,2029 기계가 멈추는 날 : AI가 인간을 초월하는 특이점은 정말 오는가,1,23,23,SCOQO,80000,96000,2021-11-29
877,(교양으로 읽는)초한지 : 불세출의 두 영웅이 펼치는 천하통일 이야기,1,24,24,SXUZO,69000,82800,2021-12-29
870,가족 버려도 되나요 : 당신과 닮았을지도 모를 _ 나의 가족 이야기,1,25,25,KJBTH,62000,74400,2022-01-29
75,아세안 슈퍼앱 전쟁 : 디지털 경제의 판을 흔드는 거대한 시장,1,26,26,OZECU,84000,100800,2021-01-29
716,게임은 훌륭하다 : 17가지 시선으로 읽는 게임의 오해와 진실,1,27,27,QZLVQ,89000,106800,2021-2-27
970,어른은 빼고 갈게요! : 10대끼리 떠난 파란만장 자발적 여행기,1,28,28,JWHRL,162000,194400,2021-03-29
694,편집자의 세계,1,29,29,TLZFX,67000,80400,2021-04-29
275,탁구 소년 김영탁,2,30,30,UMMUH,284000,340800,2021-05-29
351,초등 래퍼 방탄 : 오디션을 점렴하라!,2,31,31,LOJJQ,360000,432000,2021-06-29
954,스토리텔링 버스,1,32,32,XGZOG,146000,175200,2021-07-29
352,초등 래퍼 방탄 : 유튜브를 점령하라!,2,33,33,UNRYW,361000,433200,2021-08-29
118,돈이 따르는 엄마 돈에 쫓기는 엄마 : 평생 돈에 구애받지 않는 법,1,34,34,KALXZ,127000,152400,2021-9-29
176,(마치의) 만화 야구규칙 : ver 2.0,1,35,35,VGEXD,185000,222000,2021-10-29
549,우주로 가는 문 달 : 큰글자도서,1,36,36,PEUCD,103000,123600,2021-11-29
169,의사 어벤저스. 3 뇌 질환 아픈 기억을 극복하라!,2,37,37,DHUZC,178000,213600,2021-12-29
95,[만화]내일은 발명왕. 34 마음을 전하는 발명,2,38,38,UGAYY,104000,124800,2022-01-29
214,BTS 윤동주를 만나다 : 청춘에 대한 성찰과 자기 탐색의 노래,1,39,39,BEZDQ,223000,267600,2021-01-29
868,BTS 윤동주를 만나다 : 청춘에 대한 성찰과 자기 탐색의 노래,1,39,39,OUIQH,60000,72000,2021-2-27
495,(유병장수의 시대 무병장수를 위한)건강 인문학 : 호모헌드레드 시대 인문학적 시선으로 건강을 읽다,1,40,40,JTAFW,49000,58800,2021-03-29
769,혼돈의 시대 경제의 미래 : 한국의 경제리더 곽수종 박사의 경제강의노트,1,41,41,XUMON,142000,170400,2021-04-29
554,공부귀신들 : 큰글자도서,1,42,42,QSLEK,108000,129600,2021-05-29
193,클린=Clean : 나쁜 감정은 씻어내고 좋은 감정을 채우는 마음 혁명,1,43,23,LADPY,202000,242400,2021-06-29
590,마녀식당으로 오세요 : 큰글자도서,1,44,43,SCKSA,144000,172800,2021-07-29
195,난민과 여성혐오,1,45,44,CYMFV,204000,244800,2021-08-29
"1,054",본격 한중일 세계사. 11 서남전쟁과 위구르 봉기,1,46,21,HIJLL,65000,78000,2021-9-29
687,야사와 만화로 배우는 인공지능. 3,1,47,45,LSNYG,60000,72000,2021-10-29
685,야사와 만화로 배우는 인공지능. 1,1,48,45,WRDTX,58000,69600,2021-11-29
686,야사와 만화로 배우는 인공지능. 2,1,48,45,VCHFE,59000,70800,2021-12-29
224,코로나 시대의 페미니즘,1,49,39,XERZW,233000,279600,2022-01-29
987,요양보호사가 깨달은 후회없이 죽음을 맞이하는 법,1,50,22,SEKQR,179000,214800,2021-01-29
976,엄마의 이름,1,51,46,QTQLY,168000,201600,2021-2-27
655,칼과 혀 : 큰글자도서,1,52,42,DQQLQ,28000,33600,2021-03-29
876,고양이 게스트하우스 한국어,1,53,46,QQOAX,68000,81600,2021-04-29
894,우리 동네 한의사 : 마음까지 살펴드립니다,1,54,47,XWYHB,86000,103200,2021-05-29
35,블랙아웃,1,55,48,RHEQH,44000,52800,2021-06-29
568,강의 언어 : 큰글자도서,1,56,49,XSECY,122000,146400,2021-07-29
577,나무의 언어 : 큰글자도서,1,56,50,TEJLB,131000,157200,2021-08-29
"1,069",조선 사람들의 동행 : 군신 사제 선후배 부부 친구 의형제로 읽는 역사,1,57,51,PCWRE,80000,96000,2021-9-29
217,그리드. 기후 위기 시대 제2의 전기 인프라 혁명이 온다,1,58,52,EDEPV,226000,271200,2021-10-29
"1,062",신화의 종말 : 팽창과 장벽의 신화 미국은 지금 어디로 가고 있는가,1,59,53,NMJIT,73000,87600,2021-11-29
770,휴먼 엣지 : IQ 재능 운 환경을 뛰어넘는 강력한 4C의 힘,1,60,54,PCTWE,143000,171600,2021-12-29
663,한번쯤 네가 나를 그리워했으면 좋겠다 : 큰글자도서,1,61,55,QVVUT,36000,43200,2022-01-29
33,알고 싶어 내 마음의 작동 방식 : 불안과 걱정에서 나를 구하는 생각법,1,62,56,MMVSV,42000,50400,2021-01-29
320,우리 반에 슈퍼히어로가 있다,2,63,57,JHPRQ,329000,394800,2021-2-27
110,갑갑한 지구와 미세먼지의 비밀,2,64,58,PGMZX,119000,142800,2021-03-29
271,[만화]급식왕 GO. 4,2,65,59,NSFEG,280000,336000,2021-04-29
267,[만화]급식왕 GO. 1,2,66,60,IIEOH,276000,331200,2021-05-29
268,[만화]급식왕 GO. 2,2,66,61,YGKYI,277000,332400,2021-06-29
270,[만화]급식왕 GO. 3,2,66,61,GSKDO,279000,334800,2021-07-29
86,일몰의 저편,1,67,62,RCTWC,95000,114000,2021-08-29
442,기시미 이치로의 삶과 죽음 : 나이 듦 질병 죽음에 마주하는 여섯 번의 철학 강의,1,68,63,IULLJ,425000,510000,2021-9-29
253,정재승의 인간 탐구 보고서. 07 인간은 타고난 거짓말쟁이다,2,69,64,DVPBT,262000,314400,2021-10-29
56,(플렉시테리언) 때때로 비건,1,70,65,PXHLI,65000,78000,2021-11-29
506,플렉시테리언 : 때때로 비건,1,71,66,DVOLX,60000,72000,2021-12-29
646,진보적 글쓰기 : 큰글자도서,1,72,67,KQLVT,19000,22800,2022-01-29
539,유튜브로 책 권하는 법 : 큰글자도서,1,73,68,LXHAL,93000,111600,2021-01-29
737,삼성페이 이야기 : 세상에 없던 서비스는 어떻게 만들어지는가,1,74,69,URPRB,110000,132000,2021-2-27
269,데모테크가 온다 : 고령화와 기술혁신이 바꿔놓을 부의 미래,1,75,70,EMJWN,278000,333600,2021-03-29
305,오늘 또 토요일,2,76,71,SKGFF,314000,376800,2021-04-29
298,가짜 뉴스를 시작하겠습니다,2,77,72,OVVRD,307000,368400,2021-05-29
594,너무 재밌어서 잠 못 드는 철학 수업 : 큰글자도서,1,78,73,ICWYV,148000,177600,2021-06-29
206,심리 읽어드립니다 : 불안 초조 우울 분노… 얽히고설킨 마음,1,79,74,AOUSS,215000,258000,2021-07-29
545,내 마음은 충전중 : 큰글자도서,1,80,75,ZDPDW,99000,118800,2021-08-29
910,우리는 페퍼로니에서 왔어,1,81,46,YEURK,102000,122400,2021-9-29
841,(직접 만들어 입고 싶은)Couple look 20,1,82,76,TGQTX,33000,39600,2021-10-29
476,두뇌 운동 워크북 : 치매예방을 위한 인지훈련 프로그램,1,83,77,UXHNQ,30000,36000,2021-11-29
712,(10대를 위한)요즘 경제학 : 너만 모르는 최신 경제 키워드18,1,84,78,XVKII,85000,102000,2021-12-29
867,2인 가족의 티스푼은 몇 개가 적당한가 : 딩크로운 삶,1,85,79,VIXLB,59000,70800,2022-01-29
167,트렌드 코리아 2022 : 서울대 소비트렌드분석센터의 2022 전망,1,86,80,ZTIEI,176000,211200,2021-01-29
34,사건은 식후에 벌어진다 : 제 3·4회 테이스티 문학상 작품집,1,87,81,VRWZO,43000,51600,2021-2-27
280,하다와 황천행 돈가스,2,88,82,JGGKT,289000,346800,2021-03-29
279,아홉 살 하다,2,89,82,XVDZH,288000,345600,2021-04-29
890,나비 : 기억을 지우는 자,1,90,83,MGELF,82000,98400,2021-05-29
521,마흔 부부가 함께 은퇴합니다,1,91,84,BYYQL,75000,90000,2021-06-29
763,포노 사피엔스를 위한 진로 교육 : 진학과 직업에 몰입된 진로 교육 벗어나기,1,92,85,JIETH,136000,163200,2021-07-29
"1,051",뭉우리돌의 바다 : 국외독립운동 이야기. 인도·멕시코·쿠바·미국 편,1,93,86,BZMSS,62000,74400,2021-08-29
505,풀 파워 : 고기와 우유보다 당신을 건강하게 해줄 자연식물식,1,94,87,DIIUZ,59000,70800,2021-9-29
806,수학이 풀리는 수학사. 1 고대,1,95,88,QEPFD,179000,214800,2021-10-29
807,수학이 풀리는 수학사. 2 중세,1,95,88,IBLDN,180000,216000,2021-11-29
808,수학이 풀리는 수학사. 3 근대 - 로그와 미적분 ×지구를 넘어 우주의 수학으로,1,95,88,ETKBF,181000,217200,2021-12-29
384,용감한 겁쟁이 후후,2,96,31,LLPZV,393000,471600,2022-01-29
201,외계인 만나기 대작전,2,97,89,NHGNC,210000,252000,2021-01-29
799,사이언티픽 게이머즈 : 게임으로 읽는 과학,1,98,90,LWWKL,172000,206400,2021-2-27
2,(자동 물시계)자격루,2,99,91,JWIWA,11000,13200,2021-03-29
57,홀그레인 비건 베이킹=Whole grain vegan baking,1,100,92,VHAFA,66000,79200,2021-04-29
116,[만화](Go Go)카카오프렌즈. 21 캐나다(Canada),2,101,60,QBDEH,125000,150000,2021-05-29
365,서프라이즈 가족,2,102,31,IMITY,374000,448800,2021-06-29
202,질문하는 독서의 힘 : 토론을 위한 논제 만들기,1,103,93,FUNHS,211000,253200,2021-07-29
242,요술 고양이의 주문 얌 야옹야옹 양,2,104,94,ACBGV,251000,301200,2021-08-29
359,10년 후에도 살아남을 주식에 투자하라 : 무극선생과 김민희 앵커가 알려주는 주린이를 위한 실전 투자 교과서,1,105,95,HWLWU,368000,441600,2021-9-29
"1,028",푸른 바당과 초록의 우영팟 : 육지 사람들은 모르는 제주의 맛,1,105,96,ROGGA,39000,46800,2021-10-29
417,올라인 교회=All line church : 이제 우리는 올라인(all line)으로 간다,1,106,97,WIKDN,400000,480000,2021-11-29
827,편식 걱정 뚝! 건강 유아식 : 영양학자와 요리전문가가 함께 만들었어요,1,107,98,EEZYT,19000,22800,2021-12-29
471,나의 생활 건강,1,108,99,VRKIN,25000,30000,2022-01-29
938,빛 속으로,1,109,100,OJBPU,130000,156000,2021-01-29
376,신라의 피리소리,2,110,101,YKUTG,385000,462000,2021-2-27
"1,040",고조선과 21세기 : 영실평원의 독사들,1,111,102,OFDGE,51000,61200,2021-03-29
90,이야기의 끈 : 서사적 사고,1,112,103,NMXUD,99000,118800,2021-04-29
891,나이트 사커,1,113,104,JDWYZ,83000,99600,2021-05-29
893,내 따스한 유령들,1,114,46,KRNLM,85000,102000,2021-06-29
"1,017",초등 독서 습관 60일의 기적 : 공부 잘하는 아이들은 이렇게 책을 읽습니다,1,115,105,RZHIH,28000,33600,2021-07-29
609,세븐 블라인드 : 큰글자도서,1,116,6,LNVAI,163000,195600,2021-08-29
431,한 번 읽으면 절대 안 까먹는 어린이 고사성어,2,117,106,IVINC,414000,496800,2021-9-29
375,초콜릿벌 초코비,2,118,107,NOZPZ,384000,460800,2021-10-29
153,초등공부 스스로 끝까지 하는 힘 : 우리 아이 자기주도학습을 완성하는 8가지 솔루션,1,119,108,LECIZ,162000,194400,2021-11-29
999,일인용 캡슐 : 기후 위기 SF 앤솔러지,1,120,109,DKMQX,10000,12000,2021-12-29
466,(당당하고 품격 있게 나이 들고픈 어른들을 위한)건강 혁명,1,121,110,BRRUV,20000,24000,2022-01-29
830,그런 순간 이런 클래식 : 바이올리니스트의 인생 플레이리스트,1,122,111,DOAXS,22000,26400,2021-01-29
713,3000만 원으로 시작하는 아파트 투자 프로젝트,1,123,112,KEJZR,86000,103200,2021-2-27
961,아름다운 당신에게,1,124,113,FKHET,153000,183600,2021-03-29
683,당신의 칼퇴를 도와주는 UiPath 업무 자동화 : 데이터 크롤링 실습으로 배우는 RPA 솔루션,1,125,114,FXIAS,56000,67200,2021-04-29
82,초등생의 수학 학부모의 계획 : 수학은 어느 날 갑자기 잘할 수 없습니다,1,126,115,JTJUU,91000,109200,2021-05-29
161,초등생의 수학 학부모의 계획 : 수학은 어느 날 갑자기 잘할 수 없습니다,1,126,115,TQUIT,170000,204000,2021-06-29
493,에라 모르겠다 건강법 : 삶의 질 향상을 위해 모두가 할 수 있는 건강 실천법,1,127,116,UBKRJ,47000,56400,2021-07-29
13,서재의 마법 : 내 서재를 지식의 베이스캠프로 만드는 방법 : 혼자 있는 시간과 공간,1,128,117,RVRKW,22000,26400,2021-08-29
501,치매를 이겨낸 사람들의 이야기 : 의학적 한의학적 치매의 모든 것 65,1,129,118,SLBKR,55000,66000,2021-9-29
"1,044",다크 투어 슬픔의 지도를 따라 걷다,1,130,119,OKUPB,55000,66000,2021-10-29
"1,009",지구를 항해하는 초록 배에 탑니다 : 작은 물결을 파도로 만드는 일,1,131,120,UMNHW,20000,24000,2021-11-29
848,KSL 문화 교육=KSL culture eduacion,1,132,121,OEDJX,40000,48000,2021-12-29
561,(Green eco)자연에서 찾은 노년의 행복 : 큰글자도서,1,133,122,BXIRS,115000,138000,2022-01-29
199,지금 여기의 아이돌-아티스트,1,134,123,EVKQV,208000,249600,2021-01-29
530,점점 단단해지는 중입니다 : 나이는 숫자에 불과한 라이더가 전해주는 짱짱한 마음 근육 생성기,1,135,124,GSIIK,84000,100800,2021-2-27
833,미술관에 가고 싶어지는 미술책 : 탄탄한 그림 감상의 길잡이,1,136,39,NGLMJ,25000,30000,2021-03-29
14,마음을 안아준다는 것 : 말 못 하고 혼자 감당해야 할 때 힘이 되는 그림책 심리상담,1,137,125,JWSLU,23000,27600,2021-04-29
531,제가 해보니 나름 할 만합니다 : 40대에 시작한 전원생활 독립서점 가사 노동 채식,1,138,70,UZGGZ,85000,102000,2021-05-29
483,(아픈 사람은 무시하고 건강한 사람은 따르는)사소한 건강 법칙,1,139,126,AQNXT,37000,44400,2021-06-29
717,결국 Z세대가 세상을 지배한다 : Z세대 그들이 바꿀 미래의 단서들,1,140,127,SRFXH,90000,108000,2021-07-29
"1,006",조선의 영혼을 훔친 노래들 : 시조로 만나는 조선의 풍경,1,141,128,INESI,17000,20400,2021-08-29
779,과학의 자리 : 과학이 사라진 사회 과학적 사회를 위한 제언,1,142,69,LTPXB,152000,182400,2021-9-29
513,그 노인네 아직도 살아 있나,1,143,129,MPZHA,67000,80400,2021-10-29
720,금융 초보자가 가장 알고 싶은 최다질문 TOP 80,1,144,41,JCCAO,93000,111600,2021-11-29
533,나는 보라,2,145,46,SGKKC,87000,104400,2021-12-29
303,오늘은 오늘의 플리에부터,2,146,130,LZROF,312000,374400,2022-01-29
615,습관의 말들 : 큰글자도서,1,147,68,UOKUB,169000,202800,2021-01-29
368,보이니,2,148,131,MNPYP,377000,452400,2021-2-27
295,누구로 변해 드릴까요,2,149,132,OFKEA,304000,364800,2021-03-29
"1,007",주말엔 아이와 바다에 : 몇 번이고 소중한 추억이 되어 줄 강릉 여행,1,150,133,EGMOH,18000,21600,2021-04-29
958,쓰고 잇고 읽는=Read write connect : 쓰고 읽는 행위의 양 끝을 잇는 사람들의 다양한 방식에 관하여,1,151,134,APQJZ,150000,180000,2021-05-29
541,책 먹는 법 : 큰글자도서,1,151,68,JFWQY,95000,114000,2021-06-29
573,그 순간 너는 : 큰글자도서,1,153,135,LASKN,127000,152400,2021-07-29
"1,004",재밌으면 그걸로 충분해 : 남극에서 쓴 파란만장 에세이,1,154,136,DKUUN,15000,18000,2021-08-29
"1,046",(또 하나의 전쟁)문화 전쟁 : 중국 문화를 무기로 한국을 공격하다,1,155,137,OWWAN,57000,68400,2021-9-29
302,행복한 일등,2,156,138,MVJWB,311000,373200,2021-10-29
111,재까닥 캠프,2,157,6,IWXAV,120000,144000,2021-11-29
225,중국공산당 100년사=Chinese communist party 1921~2021 : 1921~2021,1,158,139,PCUXA,234000,280800,2021-12-29
580,내 문장이 그렇게 이상한가요 : 큰글자도서,1,159,68,VVZHC,134000,160800,2022-01-29
613,(다시 사는 삶을 위하여)소설의 첫 문장 : 큰글자도서,1,159,68,VFNRC,167000,200400,2021-01-29
627,열 문장 쓰는 법 : 큰글자도서,1,159,68,YWPSR,181000,217200,2021-2-27
681,구글 워크스페이스 : 스마트워크를 위한 가장 완벽한 공간,1,160,140,HZXWI,54000,64800,2021-03-29
330,대단한 실수,2,161,141,UMHAA,339000,406800,2021-04-29
817,천재 수학자 가우스가 들려주는 수학,1,162,142,QLKQV,190000,228000,2021-05-29
596,물이 물속으로 흐르듯 外 : 큰글자도서,1,163,143,ZRDZM,150000,180000,2021-06-29
597,바닷가의 피크닉 外 : 큰글자도서,1,163,143,AIKDL,151000,181200,2021-07-29
660,폭설 外 : 큰글자도서,1,163,143,FPQES,33000,39600,2021-08-29
106,거울아 내 단짝을 보여 줘,2,164,144,MCLYY,115000,138000,2021-9-29
232,거울아 내 단짝을 보여 줘,2,164,144,KTLMV,241000,289200,2021-10-29
221,방금 떠나온 세계,1,165,145,FFSWA,230000,276000,2021-11-29
540,읽어가겠다 : 큰글자도서,1,166,43,HLCLS,94000,112800,2021-12-29
"1,056",사소한 것들의 현대사 : 우리의 오늘을 만든 작고도 거대한 36가지 장면들,1,167,84,NURWN,67000,80400,2022-01-29
851,(김태연의)이지 잉글리시 최고의 대화문 150. 목적 편,1,168,54,PCVTD,43000,51600,2021-01-29
776,곤충 수업 : 조그맣고 꿈틀거리지만 아름답고 경이로운 생명,1,169,70,GIMMC,149000,178800,2021-2-27
811,오답이라는 해답 : 과학사는 어떻게 만들어지나,1,170,46,QFRCT,184000,220800,2021-03-29
"1,052",(미국 비밀문서로 읽는)한국 현대사 1945~1950 : 우리가 몰랐던 해방·미군정·정부 수립·한국전쟁의 기록,1,171,146,XVRRC,63000,75600,2021-04-29
669,엔지니어 정약용 : 큰글자도서. 1,1,172,14,RLIBL,42000,50400,2021-05-29
670,엔지니어 정약용 : 큰글자도서. 2,1,172,14,GDXAQ,43000,51600,2021-06-29
595,문학하는 마음 : 큰글자도서,1,173,147,MWSXK,149000,178800,2021-07-29
529,은퇴초보의 하루,1,174,148,PEFVP,83000,99600,2021-08-29
277,소능력자들. 5 출동 소벤저스!,2,175,149,XASTX,286000,343200,2021-9-29
64,소능력자들. 5 출동소벤저스,2,176,149,HXCQE,73000,87600,2021-10-29
370,나는 학교 가기 싫은데,2,177,150,UBANU,379000,454800,2021-11-29
572,국화꽃향기 : 큰글자도서,1,178,43,XZHGR,126000,151200,2021-12-29
461,100세까지 바르게 서고 싶다면 항중력근을 키워라 : 꼬부랑 노년을 막아주는 장수 근육의 모든 것,1,179,151,RBCFH,15000,18000,2022-01-29
708,마태복음서 : 고전으로 읽는 성서,1,180,54,WOVVE,81000,97200,2021-01-29
782,내일 날씨 어떻습니까 : 기상학자가 들려주는 과학과 세상 이야기,1,181,128,WPSRA,155000,186000,2021-2-27
434,나는 여덟 살 학교에 갑니다,2,182,152,TKXAM,417000,500400,2021-03-29
567,가족입니까 : 큰글자도서,1,183,135,FEWWL,121000,145200,2021-04-29
534,나는 무늬,1,184,153,CEQRO,88000,105600,2021-05-29
526,시베리아 횡단열차 : 내 나이 60세에 떠난 여행,1,185,154,EHBLA,80000,96000,2021-06-29
739,선거로 읽는 한국 정치사 : 우리의 운명을 바꾼 결정적 순간들,1,186,155,MCUOU,112000,134400,2021-07-29
740,선생님 오늘도 무사히! : 교사의 소진과 트라우마 치유 심리학,1,187,46,GKFBC,113000,135600,2021-08-29
946,서른 진짜 나를 알아가기 시작했다 : 독했던 서른앓이를 치유해준 문장들,1,188,156,YVQNJ,138000,165600,2021-9-29
991,우리는 예쁨 받으려고 태어난 게 아니다,1,189,157,OFGHG,183000,219600,2021-10-29
775,강력의 탄생 : 하늘에서 찾은 입자로 원자핵의 비밀을 풀다,1,190,158,JQDAJ,148000,177600,2021-11-29
546,당신과 나 사이 : 큰글자도서,1,191,159,RTHZO,100000,120000,2021-12-29
467,(의과학으로 풀어보는)건강수명 100세,1,192,160,ULPSJ,21000,25200,2022-01-29
126,물렀거라! 왕딱지 나가신다 : 전통 놀이 이야기,2,193,161,LTJXB,135000,162000,2021-01-29
835,(미니 파올라 레이나를 위한)빈티지 인형옷 만들기,1,194,162,DKTBO,27000,32400,2021-2-27
682,그림책 만들기 기획이 먼저다 : 초보 그림 창작자를 위한 기획 창작 워크북,1,195,163,PTWRW,55000,66000,2021-03-29
688,에세이 만들기 기획이 먼저다 : 초보 글쓰기 작가를 위한 기획·창작 워크북,1,195,163,RUTBZ,61000,73200,2021-04-29
448,미소는 나의 소명 : 아름답게 나이 들기 영성,1,196,164,XQRLA,431000,517200,2021-05-29
620,아버지는 매일 가출하고 싶다 : 큰글자도서,1,197,165,SUHMO,174000,208800,2021-06-29
"1,033",행성표류기,1,198,166,JSMJL,44000,52800,2021-07-29
196,말버릇을 바꾸니 운이 트이기 시작했다 : 사람을 모으고 운을 끌어들이는 말하기의 힘,1,199,167,IEUQD,205000,246000,2021-08-29
186,좀 더럽지만 꽤 재밌는 내 몸 도감. 눈에 보이는 것 편,2,200,82,IBGMO,195000,234000,2021-9-29
73,기분이 태도가 되지 않으려면 : 감정 기복 심한 당신에게 필요한 기분 수업,1,201,168,WWSQE,82000,98400,2021-10-29
204,책 읽고 글쓰기 : 서울대 나민애 교수의 몹시 친절한 서평 가이드,1,202,169,YSFZA,213000,255600,2021-11-29
574,긴 봄날의 짧은 글 : 큰글자도서,1,203,170,RVFJG,128000,153600,2021-12-29
824,엄마 마음 설명서 : 엄마가 처음인 사람들을 위한 위로의 심리학,1,204,171,XAMVL,16000,19200,2022-01-29
443,끌리는 사람은 뭐가 다를까,1,205,172,UMLER,426000,511200,2021-01-29
227,초등 고학년은 한 번뿐입니다 : 급변하는 초4~초6 어떻게 대처해야 할까,1,206,173,NJWJI,236000,283200,2021-2-27
213,형사 부스지마 최후의 사건,1,207,174,IMMQX,222000,266400,2021-03-29
520,마이너 없이 메이저 없다 : 풀꽃 시인이 세상에 보내는 편지,1,208,175,BJGDT,74000,88800,2021-04-29
109,귀뻥맘딱,1,209,31,IVKWW,118000,141600,2021-05-29
362,귀뻥맘딱,2,209,31,TRIOC,371000,445200,2021-06-29
318,[만화]VR 역사 올림픽 : 명장. 1 한국,2,210,176,QGQQG,327000,392400,2021-07-29
20,우리 아이 초등 교육 대백과,1,211,177,KWXLY,29000,34800,2021-08-29
181,몸이 나를 위로한다=Bodyfulness,1,212,178,XCEAE,190000,228000,2021-9-29
122,나는 내가 먼저입니다 : 관계의 안전거리에서 자기중심을 찾는 바운더리 심리학,1,213,179,OZYUP,131000,157200,2021-10-29
216,패싱 : 백인 행세하기,1,214,180,JKKOQ,225000,270000,2021-11-29
380,AI 디케,2,215,181,NMCJD,389000,466800,2021-12-29
115,어린이법 9조 2항,2,216,182,ABHUK,124000,148800,2022-01-29
333,비밀번호 1089 : 신나게 달리는 쫄깃쫄깃한 이야기,2,217,183,QRYMQ,342000,410400,2021-01-29
603,세상에서 가장 아름다운 이별 : 큰글자도서,1,218,184,PFZQZ,157000,188400,2021-2-27
504,(의·식·주(衣食住)로 즐기는)텃밭정원 이야기 : 인지건강 편,1,219,185,JBAWJ,58000,69600,2021-03-29
789,동물의 사회 행동 : 동물은 왜 사회적 행동을 하는가,1,220,186,XSJYJ,162000,194400,2021-04-29
1,내 안의 어린아이가 울고 있다 : 상처 입은 내면아이와 화해하는 치유의 심리학,1,221,155,RTGPP,10000,12000,2021-05-29
89,생각한다는 착각 : 뇌과학과 인지심리학으로 풀어낸 마음의 재해석,1,222,187,BEGHQ,98000,117600,2021-06-29
"1,022",틸 : 줄 위의 남자,1,223,43,PVUED,33000,39600,2021-07-29
437,되살리기의 예술 : 101세 편집자의 삶에서 배우는 읽고 쓰는 사람의 기쁨과 지혜,1,224,188,QBQBC,420000,504000,2021-08-29
916,마른 여자들,1,225,46,LRNRN,108000,129600,2021-9-29
920,만년,1,226,180,EGILE,112000,134400,2021-10-29
314,나는 약속을 지켜요,2,227,189,CMIMT,323000,387600,2021-11-29
44,[만화]설민석의 삼국지 대모험. 3 용의 출정,2,228,190,VNQOD,53000,63600,2021-12-29
234,[만화](지니어스)로봇 아이. 01 달려라 드론 에이스,2,229,61,HIEPP,243000,291600,2022-01-29
235,[만화](지니어스)로봇 아이. 02 인간 VS 인공지능,2,229,61,KQGKK,244000,292800,2021-01-29
236,[만화](지니어스)로봇 아이. 03 코딩의 비밀,2,229,61,LTHEZ,245000,294000,2021-2-27
218,황금의 샘 : 석유가 탄생시킨 부와 권력 그리고 분쟁의 세계사. 1,1,230,191,CZUZS,227000,272400,2021-03-29
219,황금의 샘 : 석유가 탄생시킨 부와 권력 그리고 분쟁의 세계사. 2,1,230,191,IMPRZ,228000,273600,2021-04-29
734,브랜드는 어떻게 아이콘이 되는가 : 성공으로 가는 문화 마케팅 전략,1,231,192,WMUMH,107000,128400,2021-05-29
658,택시 소년 지지 않는 잎 : 큰글자도서,1,232,193,ZOSGG,31000,37200,2021-06-29
251,변화는 어떻게 일어나는가 : 새로운 행동 믿음 아이디어가 퍼져나가는 연결의 법칙,1,233,155,UXIIQ,260000,312000,2021-07-29
858,(영국 아재 데이브의)매일 영어 교습소,1,234,194,XIROU,50000,60000,2021-08-29
46,건축과의 대화 : 오래된 건물의 목소리를 듣다,1,235,195,TOXIJ,55000,66000,2021-9-29
342,아주 크고 빠른 배,2,236,60,OEXBE,351000,421200,2021-10-29
231,퓨처 프렌드,2,237,196,LFISM,240000,288000,2021-11-29
794,무한과 연속 : 수식 없이 수학을 설명할 수는 없을까,1,238,197,VSEAL,167000,200400,2021-12-29
559,만인의 인문학 : 큰글자도서,1,239,198,MVNXZ,113000,135600,2022-01-29
840,음악을 틀면 이곳은 : 도쿄의 감각을 만드는 공간과 음악 브랜딩,1,240,199,SKOGI,32000,38400,2021-01-29
792,(머릿속에 쏙쏙!)원소 노트,1,241,200,JSBLO,165000,198000,2021-2-27
"1,065",역사를 배우는 사람들 : 일본의 공정한 역사 인식을 만들기 위해서,1,242,201,IKFBI,76000,91200,2021-03-29
676,지도에서 사라진 나라들 : 큰글자도서,1,243,202,RHMBD,49000,58800,2021-04-29
677,지도에서 사라진 도시들 : 큰글자도서,1,243,202,WUMGS,50000,60000,2021-05-29
679,(16년 차 월급쟁이 2년 만에 경제적 자유를 얻은)실천 독서법,1,244,203,DOLEE,52000,62400,2021-06-29
988,우리 미나리 좀 챙겨 주세요,1,245,46,DTTRE,180000,216000,2021-07-29
322,전설의 가위바위보,2,246,204,AIBMC,331000,397200,2021-08-29
637,우리는 60년을 연애했습니다 : 큰글자도서,1,247,171,VCNIM,10000,12000,2021-9-29
"1,008",죽음이 삶에 스며들 때 : 젊은 의사가 수술실에서 만난 기적의 순간들,1,248,21,KFKBU,19000,22800,2021-10-29
921,말이 마음 같지 않아 고민입니다 : 내 마음 오해 없이 전하고 싶은 당신을 위한 대화 수업,1,249,205,IBNPP,113000,135600,2021-11-29
208,알고 싶지 않은 마음 : 탈진실 시대 무지의 전략들,1,250,206,DEOXA,217000,260400,2021-12-29
964,아무것도 하지 않는 사람 : 폴로어 25만 명의 신종 대여 서비스!,1,251,207,LHGFL,156000,187200,2022-01-29
735,사랑은 과학이다 : 하버드 행동 과학자 겸 데이트앱 개발자가 분석한 연애의 과학,1,252,208,FAFVF,108000,129600,2021-01-29
690,처음 시작하는 마이크로서비스 : AWS 도커 테라폼 등으로 구축하는 마이크로서비스 아키텍처,1,253,209,KDJKE,63000,75600,2021-2-27
301,그냥 말해도 돼,2,254,109,BHDDZ,310000,372000,2021-03-29
492,암을 극복하는 항암생활 : 6가지 통합치료로 당신의 삶과 건강을 변화시키기,1,255,210,OVVUU,46000,55200,2021-04-29
983,와일더 걸스,1,256,211,WMUSZ,175000,210000,2021-05-29
750,워커사우루스 : 세계 자본을 거머쥔 공룡기업가들,1,257,212,NFCRH,123000,147600,2021-06-29
228,외국어 학습담 : 외국어 학습에 관한 언어 순례자 로버트 파우저의 경험과 생각,1,258,213,ZHMJA,237000,284400,2021-07-29
519,다만 죽음을 곁에 두고 씁니다,1,259,99,JTHDG,73000,87600,2021-08-29
774,5리터의 피 : 피에 얽힌 의학 신화 역사 그리고 돈,1,260,74,YWDNW,147000,176400,2021-9-29
984,완벽한 그녀의 마지막 여름 : 코네티컷 살인 사건의 비밀,1,261,214,GVHFA,176000,211200,2021-10-29
374,웨이사이드 학교와 저주의 먹구름,2,262,46,CMYBP,383000,459600,2021-11-29
925,머물다,1,263,215,IUOXY,117000,140400,2021-12-29
348,거꾸로 말대꾸,2,264,57,JWCJN,357000,428400,2022-01-29
678,징비록 : 큰글자도서,1,265,202,XSEVA,51000,61200,2021-01-29
936,비대칭,1,266,216,NHXTK,128000,153600,2021-2-27
494,오늘도 차를 마십니다 : 건강한 약차 향긋한 꽃차,1,267,217,RMORT,48000,57600,2021-03-29
284,나의 작은 곰,2,268,218,WCFRK,293000,351600,2021-04-29
183,위대한 동물 사전,2,269,109,DWZNL,192000,230400,2021-05-29
749,우리의 적들은 시스템을 알고 있다,1,270,219,LYDSH,122000,146400,2021-06-29
610,소녀 히틀러에게 이름을 빼앗기다 : 큰글자도서,1,271,193,LQYVA,164000,196800,2021-07-29
611,소녀 히틀러의 폭탄을 만들다 : 큰글자도서,1,271,193,UERZN,165000,198000,2021-08-29
12,50부터 뻗어가는 사람 시들어가는 사람 : change my life : 어떤 인생이 될지는 50부터 판가름 난다,1,272,220,HLEMP,21000,25200,2021-9-29
917,마음 편히 낯선 도시를 걷는 여행 : 언젠가 다시 떠나게 될 거야,1,273,221,TJVND,109000,130800,2021-10-29
168,우주에서 가장 행복한 100층 로켓,2,274,222,UIBWM,177000,212400,2021-11-29
459,방황하는 사람은 특별하다 : Reinvent : 50대가 고유한 내 인생을 재발견하는 마지막 기회라면,1,275,223,IKLGL,13000,15600,2021-12-29
786,대칭과 몬스터 : 현대 수학의 가장 위대한 탐구,1,276,224,LVQLX,159000,190800,2022-01-29
978,여름날의 레몬그라스,1,277,225,VGHJY,170000,204000,2021-01-29
"1,021",클린랜드,1,278,109,BJBNZ,32000,38400,2021-2-27
874,검은 바이올린,1,279,166,IOZSB,66000,79200,2021-03-29
"1,037",호모 파버,1,280,226,PULBC,48000,57600,2021-04-29
990,우리는 난민입니다 : 나의 여정 그리고 세계 곳곳 여성 청소년 난민의 목소리,1,281,123,OIDPP,182000,218400,2021-05-29
730,벼락부자 vs 벼락거지 : 부의 전환기 돈의 흐름을 잡아라!,1,282,179,ZQRVD,103000,123600,2021-06-29
250,휴먼 클라우드 : 인공지능과 프리랜스 이코노미로 혁신한 다음 세대의 일터,1,283,227,OUSMX,259000,310800,2021-07-29
346,(진실만 말하는 요정) 진실 픽시. 1 친구를 만나다!,2,284,228,YSWLK,355000,426000,2021-08-29
914,래니,1,285,123,IVZAC,106000,127200,2021-9-29
902,니키,1,286,229,AAMCH,94000,112800,2021-10-29
760,컴패션 경영 : 개인의 불행을 외면하지 않는 조직의 힘,1,287,69,VIXMV,133000,159600,2021-11-29
904,안녕을 말할 땐 천천히,1,288,46,VCMSH,96000,115200,2021-12-29
872,개구리,1,289,180,CDNPT,64000,76800,2022-01-29
77,단 1줄로 사로잡는 전달의 법칙,1,290,230,VFMOO,86000,103200,2021-01-29
915,마녀는 꿈을 지킨다,1,291,231,BSEBP,107000,128400,2021-2-27
182,하버드 지혜 수업 : 78가지 사례로 배우는 행복과 성공을 위한 연금술,1,292,232,MRABK,191000,229200,2021-03-29
563,산책자의 인문학 : 큰글자도서,1,293,14,ZXSOA,117000,140400,2021-04-29
795,무한의 비밀,1,294,233,KVHKQ,168000,201600,2021-05-29
816,창문을 열면 우주 : 일상에 활기를 더하는 하루 한 편 우주탐사,1,295,234,FFHUX,189000,226800,2021-06-29
621,알바 염탐러 : 큰글자도서,1,296,5,UHAQH,175000,210000,2021-07-29
653,춤추는 고복희와 원더랜드 : 큰글자도서,1,297,43,TEQBR,26000,31200,2021-08-29
81,모두의 스크래치 알고리즘,1,298,140,WGFYQ,90000,108000,2021-9-29
864,초등 영어책 읽기의 기적 : 혼자서도 영어책 술술 읽는 아이로 키우기,1,299,235,VFQHA,56000,67200,2021-10-29
249,생의 실루엣,1,300,236,QYGTQ,258000,309600,2021-11-29
842,짧은 영화 긴 이야기 : 미장센 단편 영화제 Director's Interview,1,301,237,URDAZ,34000,40800,2021-12-29
907,당신이 오려면 여름이 필요해,1,302,104,BMKHG,99000,118800,2022-01-29
985,완벽한 여자,1,303,199,TOLRX,177000,212400,2021-01-29
379,푸치와 브루닐드 : 꼬마 마녀 고양이 친구를 만나다,2,304,238,PEUFF,388000,465600,2021-2-27
150,한국의 능력주의 : 한국인이 기꺼이 참거나 죽어도 못 참는 것에 대하여,1,305,90,SISGR,159000,190800,2021-03-29
706,그리스 로마 신화 인물사전. 8 ㅋ,1,306,239,GOFTE,79000,94800,2021-04-29
707,그리스 로마 신화 인물사전. 9 ㅌㅍ,1,306,239,URXRX,80000,96000,2021-05-29
705,그리스 로마 신화 인물사전. 7 ㅇㅈ,1,306,239,ZRDWO,78000,93600,2021-06-29
704,그리스 로마 신화 인물사전. 6 ㅇ,1,308,239,OVIWE,77000,92400,2021-07-29
424,북한의 정치와 사회,1,309,240,CROVP,407000,488400,2021-08-29
285,미술관 추격 사건,2,310,241,NSBDK,294000,352800,2021-9-29
26,상처 입은 당신에게 글쓰기를 권합니다 : 박미라의 치유하는 글쓰기 안내서,1,311,242,FAPMR,35000,42000,2021-10-29
154,상처 입은 당신에게 글쓰기를 권합니다 : 박미라의 치유하는 글쓰기 안내서,1,311,242,WOTCW,163000,195600,2021-11-29
543,나는 왜 나를 사랑하지 못하는 걸까 : 큰글자도서,1,311,243,JEUKD,97000,116400,2021-12-29
358,부의 시작 : ETF만으로도 꼬박꼬박 연 40% 수익 내는 법,1,312,140,ENHWX,367000,440400,2022-01-29
"1,002",잊지않음 : 타인의 역사 나의 산문,1,313,143,HJQFW,13000,15600,2021-01-29
659,통행금지 : 큰글자도서,1,314,202,WXRPZ,32000,38400,2021-2-27
24,1차원이 되고 싶어,1,315,123,JEPXQ,33000,39600,2021-03-29
151,1차원이 되고 싶어,1,315,123,QISVC,160000,192000,2021-04-29
"1,053",반란의 역사 : 나의 반란은 당신의 충성보다 거룩하다,1,316,244,SOCQM,64000,76800,2021-05-29
"1,019",코믹 헤븐에 어서 오세요,1,317,245,XWPKV,30000,36000,2021-06-29
292,일기 고쳐 주는 아이,2,318,57,LMYWO,301000,361200,2021-07-29
233,비밀요원 레너드. 8 드래곤의 진실을 밝혀라!,2,319,61,HEWIE,242000,290400,2021-08-29
834,(박성건의)1페이지 팝 콘서트 365,1,320,246,HHQFM,26000,31200,2021-9-29
187,열두 살 장래 희망,2,321,46,AYSPQ,196000,235200,2021-10-29
451,100세 시대 인생을 즐기며 사는 법 : 좋아하는 일 잘하는 일 하면서 품격있게 나이드는 법!,1,322,22,DVWMA,434000,520800,2021-11-29
518,남편이 해주는 밥이 제일 맛있다,1,323,247,ZZYPR,72000,86400,2021-12-29
625,여름 어디선가 시체가 : 큰글자도서,1,324,248,RAQKX,179000,214800,2022-01-29
614,쉿 고요히 : 큰글자도서,1,325,5,NDWMP,168000,201600,2021-01-29
37,고양이 달. 2 단 하나의 마음,2,326,249,TEWOL,46000,55200,2021-2-27
38,고양이 달. 3 선물,2,326,249,FOKCW,47000,56400,2021-03-29
711,(99% 헛고생을 피하는)1% 학습 코칭 : 초등부터 수능까지,1,327,250,IHCTV,84000,100800,2021-04-29
784,단번에 개념 잡는 기후변화,1,328,208,KTENK,157000,188400,2021-05-29
661,프롤로그 에필로그 박완서의 모든 책 : 큰글자도서,1,329,143,WTATS,34000,40800,2021-06-29
785,단번에 개념 잡는 우주과학,1,330,208,XLHOY,158000,189600,2021-07-29
487,습관과 먹거리를 바꾸면 건강이 보인다 : 아토피를 비롯한 생활습관병의 원인과 치료 그리고 예방,1,331,251,UGZYB,41000,49200,2021-08-29
246,요즘 환율 쉬운 경제 : 투자와 돈의 흐름을 잡으려면 환율부터 정복하라!,1,332,252,YSQJZ,255000,306000,2021-9-29
453,50대는 시작이다,1,333,253,IIXKE,436000,523200,2021-10-29
815,우주의 역사 최대한 쉽게 설명해 드립니다 : 경이롭고 가슴 벅찬 우주와 인간의 이야기,1,334,254,POPEO,188000,225600,2021-11-29
972,어쩌다 트로트,1,335,32,XFYCY,164000,196800,2021-12-29
485,스토리 동의보감 : 동의보감 속 이야기로 풀어보는 몸과 병과 삶,1,336,255,MGSXT,39000,46800,2022-01-29
197,맛있어서 하루 비건 : Just cook vegan! : 부엌에서 시작하는 맛있는 비건 라이프,1,337,256,MEZPG,206000,247200,2021-01-29
945,생의 기쁨 : 불확실한 날들을 가볍고 유연하게 건너는 법,1,338,257,MZFFT,137000,164400,2021-2-27
"1,045",땅의 역사. 3 군상(群像):나라를 뒤흔든 사람들,1,339,258,DPDAT,56000,67200,2021-03-29
447,화병을 다스려야 100세가 보인다 : 인생을 바꾸는 화병의 위력,1,340,259,SYFCO,430000,516000,2021-04-29
455,70년대생이 운다 : 꼰대의 길목에 선 리더를 향한 위로와 공감,1,341,260,QBCJF,438000,525600,2021-05-29
591,마흔 완전하지 않아도 괜찮아 : 어느 날 불쑥 찾아온 마흔을 살아가는 당신에게,1,342,261,ESQQL,145000,174000,2021-06-29
667,1919 : 큰글자도서,1,343,14,VTCCK,40000,48000,2021-07-29
475,(더 알고 싶은)의학상식 : 전문의가 답하는 25가지 건강 질문,1,344,262,AHWUI,29000,34800,2021-08-29
537,혼자서도 고물고물 잘놀자 : 은퇴노인의 멋지게 늙어감의 기술,1,345,263,VOQSK,91000,109200,2021-9-29
949,숏컷=Short cut,1,346,99,OROWU,141000,169200,2021-10-29
823,아이를 크게 키우는 집콕 놀이 : 4~7세 성장 발달 놀이 100,1,347,212,GNTTH,15000,18000,2021-11-29
323,이상한 초대장. 1 아이스크림의 비밀,2,348,152,ANEVD,332000,398400,2021-12-29
244,우리 동네 나쁜 놈,1,349,264,UGSHK,253000,303600,2022-01-29
144,수상한 방송실,2,350,265,XKZUZ,153000,183600,2021-01-29
306,아무 일도 일어나지 않은 날,2,351,266,QVIFE,315000,378000,2021-2-27
203,전설의 보물지도,3,352,267,AADGO,212000,254400,2021-03-29
527,(무사히 나이 들기 위하여)오늘부터 나를 돌보기로 했습니다,1,353,56,UQFPU,81000,97200,2021-04-29
576,나는 맘먹었다 나답게 늙기로 : 큰글자도서,1,354,243,LFXPU,130000,156000,2021-05-29
629,오늘 난생처음 살아 보는 날 : 큰글자도서,1,354,243,WXCVJ,183000,219600,2021-06-29
536,하얀 봉투,1,355,268,ANZKR,90000,108000,2021-07-29
304,13일의 단톡방,2,356,269,VVLOX,313000,375600,2021-08-29
"1,012",집사와 꽁냥꽁냥 : 고양이 둘 집사 둘의 꿀 떨어지는 성장일기,1,357,21,VDLGK,23000,27600,2021-9-29
522,복순의 꿈은 배우였다,1,358,268,IMJWJ,76000,91200,2021-10-29
773,(핵심만 쏙쏙 짚어내는)1일 1페이지 수학 365,1,359,41,OZVRG,146000,175200,2021-11-29
200,청년 도배사 이야기 : 까마득한 벽 앞에서 버티며 성장한 시간들,1,360,270,PZYQU,209000,250800,2021-12-29
"1,047",로마 전차 경기장에서의 하루=(A)Day at Circus Maximus in Rome : 로마의 일상을 지배한 질주의 문화,1,361,51,JEFKN,58000,69600,2022-01-29
"1,015",처마 끝 풍경이 내게 물었다 : 그곳에는 아무것도 하지 않아도 되는 자유가 있다,1,362,271,SQFHN,26000,31200,2021-01-29
207,진짜 초등 국어 공부법 : 상위 1% 국어 실력의 비결 7대 3 황금 균형의 법칙,1,363,272,HRJJP,216000,259200,2021-2-27
871,같았다,1,364,123,LSHXQ,63000,75600,2021-03-29
578,나와 나타샤와 흰 당나귀 : 큰글자도서,1,365,42,YWKOK,132000,158400,2021-04-29
"1,059",세종의 선택 : 사람을 살찌우고 인재를 발탁하고 문명으로 나아가는 길,1,366,273,PBAKO,70000,84000,2021-05-29
387,우리만의 편의점 레시피,1,367,274,ZDJRP,396000,475200,2021-06-29
557,나이에 대한 도도하고 발칙한 상상 : 큰글자도서,1,368,275,IBCLO,111000,133200,2021-07-29
"1,063",여신의 역사 : 비너스 미와 사랑 그리고 욕망으로 세상을 지배하다,1,369,80,KAHDP,74000,88800,2021-08-29
"1,060",스포츠의 탄생 : 고대 올림피아부터 현대 올림픽까지,1,370,276,ISSWP,71000,85200,2021-9-29
733,부를 설계하다 : 행동투자학에서 찾아낸 3가지 진정한 부의 법칙,1,371,203,BCONG,106000,127200,2021-10-29
226,다정한 것이 살아남는다,1,372,277,DJTSU,235000,282000,2021-11-29
800,산책하기 좋은 날씨입니다 : 예보관이 들려주는 기후변화 시대의 기상 이야기,1,373,278,XCFFI,173000,207600,2021-12-29
185,[만화]비마이펫 멍냥연구소. 1,2,374,169,HIQEG,194000,232800,2022-01-29
922,맑음 때때로 소나기 : 오늘도 날씨 맞히러 출근합니다,1,375,120,LVMDE,114000,136800,2021-01-29
821,비욘드 더 리프 스타일 : 인기 손뜨개 브랜드의 가방과 소품,1,376,279,LMNVU,13000,15600,2021-2-27
822,상큼 발랄 내 몸 사용법 : 체중계 위에서 벗어나 진짜 나를 찾는 운동 루틴,1,377,17,LYFOH,14000,16800,2021-03-29
966,야외 수영장,1,378,109,HGXZH,158000,189600,2021-04-29
766,(한 권으로 끝내는)코인 투자의 정석 : 국내 최대 거래소 '빗썸'이 알려주는 코인 투자 원포인트 레슨,1,379,23,RNGSV,139000,166800,2021-05-29
777,과알못'도 빠져드는 3시간 과학,1,380,280,STOLS,150000,180000,2021-06-29
778,과알못'도 빠져드는 3시간 생물,1,380,281,FQZZN,151000,181200,2021-07-29
919,마음은 파란데 체온은 정상입니다 : 사예의 우울증 일지,1,381,282,SHKGW,111000,133200,2021-08-29
91,아내 대신 엄마가 되었습니다=I became a mother insteading a wife,1,382,55,CXBXC,100000,120000,2021-9-29
793,(머릿속에 쏙쏙!)환경과학 노트,1,383,283,VMJJS,166000,199200,2021-10-29
791,(머릿속에 쏙쏙!)영양소 노트,1,384,283,BIRSJ,164000,196800,2021-11-29
165,여전히 서툰 어른입니다 : 흔들리지 않고 나답게 살기 위한 어른의 기본기,1,385,284,XXOPL,174000,208800,2021-12-29
"1,018",캐릭터의 정신분석 : 만화·문학·일본인,1,386,285,CTKHX,29000,34800,2022-01-29
592,아무튼 뜨개 : 큰글자도서,1,387,147,GYXXG,146000,175200,2021-01-29
449,성경 인물에게 배우는 나이 듦의 영성 : 본래의 나를 찾아가는 행복한 여정,1,388,286,ZXBCH,432000,518400,2021-2-27
140,(한 권으로 끝내는) 파이썬 인공지능 : 입문 + 실전 [종합편],1,389,287,TILUP,149000,178800,2021-03-29
361,(무지막지 막무가내)폭탄 고양이,2,390,288,SCDZM,370000,444000,2021-04-29
829,그래서 클래식 : 아는 만큼 들리고 들리는 만큼 감동한다,1,391,289,UXUOW,21000,25200,2021-05-29
859,영어 문장의 결정적 패턴들,1,392,115,GXAXZ,51000,61200,2021-06-29
652,최후의 만찬 : 큰글자도서,1,393,43,CQQOG,25000,30000,2021-07-29
381,소녀 귀신 탐정. 1 날 죽인 살인범을 찾아라,1,394,20,QWLKB,390000,468000,2021-08-29
383,소녀 귀신 탐정. 3 너에겐 아무런 잘못이 업어,1,394,20,RRFSN,392000,470400,2021-9-29
382,소녀 귀신 탐정. 2 시체는 말한다,1,395,20,WJUDX,391000,469200,2021-10-29
698,내 마음과 거리 두기 : 나쁜 감정에서 재빨리 벗어나는 자기 객관화 습관,1,396,290,FVOEU,71000,85200,2021-11-29
172,(설민석의)역사 고민 상담소. 4 조선 시대,2,397,78,UARGS,181000,217200,2021-12-29
173,(설민석의)역사 고민 상담소. 1 한국사의 시작 선사 시대,2,398,38,JIKIX,182000,218400,2022-01-29
645,조선 특파원 잭 런던 : 큰글자도서,1,399,202,GGEXI,18000,21600,2021-01-29
357,모퉁이를 돌면,2,400,82,OBFDT,366000,439200,2021-2-27
445,어떻게 죽음을 맞이할 것인가 : 인생의 끝을 준비하는 현대인을 위한 고대의 지혜,1,401,291,TQQHW,428000,513600,2021-03-29
441,걱정이 취미세요 : 걱정을 사서 하는 당신을 위한 잡걱정 퇴치술,1,402,192,UOUYO,424000,508800,2021-04-29
993,유령의 벽,1,403,292,QROLC,185000,222000,2021-05-29
818,푸른 석양이 지는 별에서 : 화성을 사랑한 과학자의 시간,1,404,226,UHRQR,10000,12000,2021-06-29
899,너의 겨울 우리의 여름,1,405,123,AOAHA,91000,109200,2021-07-29
"1,070",체르노빌 히스토리 : 재난에 대처하는 국가의 대응 방식,1,406,293,UBCDB,81000,97200,2021-08-29
488,쑥덕쑥덕 민간요법 30년 체험기 : 부뚜막의 소금도 약,1,407,294,NGTGX,42000,50400,2021-9-29
163,모든 것은 기본에서 시작한다 : 실력도 기술도 사람 됨됨이도 기본을 지키는 손웅정의 삶의 철학,1,408,86,ZJYWZ,172000,206400,2021-10-29
855,뿌리 깊은 어원 영단어. 어원을 알면 모든 영단어가 술술 이해되는,1,409,295,OSUST,47000,56400,2021-11-29
831,당신이 그린 우주를 보았다 : 이토록 풍부한 여성영화의 세계,1,410,245,UGTIA,23000,27600,2021-12-29
843,짧은 영화 긴 이야기. Ⅱ 단편영화에 대한 여덞 가지 질문들,1,411,296,FTPWY,35000,42000,2022-01-29
45,수학도둑 수학동화. 3,2,412,169,RPWKP,54000,64800,2021-01-29
286,[만화](코믹 메이플스토리)수학도둑 : 응용편. 84,2,412,169,QEZFP,295000,354000,2021-2-27
260,비밀 편지 소동,2,413,21,IAJUR,269000,322800,2021-03-29
278,비밀 편지 소동,2,413,21,UKGXD,287000,344400,2021-04-29
820,단단한 아이로 자라게 하는 운동 습관 : 공부만 하는 아이에서 도전하는 아이로 키워라,1,414,297,JZYDK,12000,14400,2021-05-29
503,텃밭 채소 재배 : 텃밭·주말농장·옥상텃밭,1,415,298,VYAYS,57000,68400,2021-06-29
511,60세부터 인생을 즐기기 위해 중요한 것,1,416,283,VYOQJ,65000,78000,2021-07-29
194,코르셋=Corsets : beauty and misogyny : 아름다움과 여성혐오,1,417,44,IZKGR,203000,243600,2021-08-29
"1,058",세상엔 알고 싶은 건축물이 너무도 많아 : 역사와 문화가 보이는 서양 건축 여행,1,418,299,EAAAK,69000,82800,2021-9-29
927,무기모토 산포는 오늘이 좋아 : 산포의 개성 넘치는 일상에 취하다!,1,419,300,WQBOO,119000,142800,2021-10-29
247,50 이후 더 재미있게 나이 드는 법 : 슬기로운 인생 후반을 위한 7가지 공식,1,420,167,XWDGB,256000,307200,2021-11-29
582,다시 태어나도 엄마 딸 : 큰글자도서,1,421,55,KLIUY,136000,163200,2021-12-29
624,엄마의 엄마 : 큰글자도서,1,421,248,BBXMB,178000,213600,2022-01-29
812,(중학교 수학 실력이면 보이는)오일러의 공식,1,422,301,MYSLR,185000,222000,2021-01-29
80,모두의 알고리즘 with 자바스크립트 : 세상을 움직이는 기초 알고리즘,1,423,140,NNGPH,89000,106800,2021-2-27
72,거대한 가속 : 포스트 코로나 시대 우리 앞에 다가온 역사의 변곡점,1,424,302,BVEGG,81000,97200,2021-03-29
974,얼굴 없는 살인자,1,425,303,SETNY,166000,199200,2021-04-29
"1,024",편지의 심판,1,425,304,HSLXQ,35000,42000,2021-05-29
337,마음의 숲을 걷다 : 수많은 생각을 멈추고 우울과 불안을 다스리는 여덟 가지 감정 레시피,1,426,305,KEJNT,346000,415200,2021-06-29
932,보이지 않는 친구. 1,1,427,306,GLVDR,124000,148800,2021-07-29
933,보이지 않는 친구. 2,1,427,174,RBFQI,125000,150000,2021-08-29
245,[만화]고양이를 안는 법,2,428,46,IDRCR,254000,304800,2021-9-29
180,목요일의 아이,1,429,307,AHTEP,189000,226800,2021-10-29
969,어떻게 지내요,1,430,308,JCXXT,161000,193200,2021-11-29
826,조건 없이 존중하는 엄마의 말 : 아이의 자기긍정감 키우는 몬테소리x레지오 에밀리아 대화법,1,431,309,OZKET,18000,21600,2021-12-29
668,북정록 : 큰글자도서,1,432,202,JSKMC,41000,49200,2022-01-29
170,합법적으로 세금 안 내는 110가지 방법. 부동산편,1,433,310,BRBJN,179000,214800,2021-01-29
209,합법적으로 세금 안 내는 110가지 방법. 개인편,1,433,311,JFQUH,218000,261600,2021-2-27
968,어둠 속에서 빛나는 것들,1,434,312,RHKOW,160000,192000,2021-03-29
50,인생은 실전이다 : 아주 작은 날갯짓의 시작,1,435,313,ITNBR,59000,70800,2021-04-29
555,근데 영화 한 편 씹어먹어 봤니 : 큰글자도서,1,436,314,BWBMH,109000,130800,2021-05-29
103,행복 도시,2,437,57,PFKQN,112000,134400,2021-06-29
258,절교 가위,2,438,181,TBQEM,267000,320400,2021-07-29
912,떠나세요 제가 준비해 놨어요 : 여행자를 유혹하는 여행 만들기의 세계,1,439,120,AVRHI,104000,124800,2021-08-29
171,공주·부여,1,440,315,NRRHC,180000,216000,2021-9-29
"1,041",공주 부여 : 여행자를 위한 도시 인문학,1,440,315,CZJDZ,52000,62400,2021-10-29
783,누워서 과학 먹기 : 비전공자도 아는 척할 수 있는 과학 상식,1,441,316,LQRSY,156000,187200,2021-11-29
68,[만화]놓지 마 어휘. 한자어 3,2,442,176,LXFZR,77000,92400,2021-12-29
432,[만화]놓지 마 어휘 : 한자어. 3,2,443,152,LVTYW,415000,498000,2022-01-29
416,[만화]놓지 마 과학!. 15 사라진 마이아사우라의 호박 장식을 찾아라,2,444,21,UFGBY,399000,478800,2021-01-29
947,성장의 프리즘,1,445,123,GPJLG,139000,166800,2021-2-27
472,내 몸이 원하는 영양제는 따로 있다 : 당신이 몰랐던 올바른 영양제 사용법,1,446,140,YJMYH,26000,31200,2021-03-29
78,제갈량의 지혜를 읽어야 할 때 : 난세에 꼭 읽어야 할 제갈량의 지혜,1,447,317,BCPYI,87000,104400,2021-04-29
997,이까짓 집 : 없으면 안 되나요,1,448,318,RNTMO,189000,226800,2021-05-29
489,(쑥쑥크리의)화분 텃밭,1,449,319,BUZQH,43000,51600,2021-06-29
460,우리의 밤은 너무 밝다 : 생태계 파괴에서 질병의 확산까지. 빛의 아름다움 속에 감춰진 충격적 진실,1,450,234,CVIYP,14000,16800,2021-07-29
41,조선에 놀러간 고양이 : 일러스트로 본 조선시대 풍경,1,451,21,QVYFL,50000,60000,2021-08-29
27,핑! : 자유롭게·용감하게·현명하게,2,452,320,ATTCE,36000,43200,2021-9-29
995,유튜버 전쟁,1,453,109,AKBXX,187000,224400,2021-10-29
462,1일 1채소 오늘의 수프,1,454,321,VERFY,16000,19200,2021-11-29
994,유리와 철의 계절,1,455,46,ADVZD,186000,223200,2021-12-29
900,너의 심장을 쳐라,1,456,322,IJQJM,92000,110400,2022-01-29
491,암 걱정 없이 살기 위한 50대가 꼭 알아야 할 건강 비법,1,457,323,ZLFFW,45000,54000,2021-01-29
385,잃어버린 세계,2,458,324,ZFKQH,394000,472800,2021-2-27
898,너의 거짓말과 다정한 사신,1,459,325,HCGJP,90000,108000,2021-03-29
860,우리 아이 영어책 지도 : 한 살부터 열아홉 살까지 아이표 영어 '책' 도서관,1,460,326,DHZFG,52000,62400,2021-04-29
583,달콤한 그믐 : 큰글자도서,1,461,170,JIIWI,137000,164400,2021-05-29
967,어느 바보의 일생,1,462,327,KCYTG,159000,190800,2021-06-29
264,문 앞에서,2,463,218,DESJM,273000,327600,2021-07-29
436,안드로이드 with Kotlin 앱 프로그래밍 가이드 : 자바+코틀린으로 만드는 APP 개발 필독서,1,464,328,EJCKH,419000,502800,2021-08-29
30,눈이 바쁜 아이,2,465,8,QUKYW,39000,46800,2021-9-29
747,어른들을 위한 돈 과외 : 자산 관리 마스터가 알려주는 돈 공부,1,466,329,AYBXH,120000,144000,2021-10-29
99,피구왕에게 필요한 세 가지,2,467,330,DLZJV,108000,129600,2021-11-29
241,피구왕에게 필요한 세 가지,2,467,330,YJTOL,250000,300000,2021-12-29
480,백세시대 민간 약초보감 : 면연력에 탁월한 자연 민간요법,1,468,331,PYVKB,34000,40800,2022-01-29
212,캐릭터 직업 사전 : 작가를 위한 인물 창작 가이드,1,469,332,WJEEX,221000,265200,2021-01-29
321,아낌없이 주는 도서관,2,470,333,OCSHO,330000,396000,2021-2-27
684,뚝딱뚝딱 파이썬 자동화 : 다양한 연습 프로젝트를 통해 익히는 단순 반복 작업 해결 전략,1,471,334,EYZNY,57000,68400,2021-03-29
"1,027",폴리네시아 나의 푸른 영혼 : 세계일주 단독 항해기,1,472,335,GQUYV,38000,45600,2021-04-29
40,어른이라는 진지한 농담 : 격식에 얽매이지 않고 품위를 지키는 27가지 방법,1,473,336,MISUA,49000,58800,2021-05-29
355,삼총사,2,474,324,RCTWL,364000,436800,2021-06-29
"1,042",국가로 듣는 세계사 : 영국인 저널리스트의 배꼽 잡는 국가 여행기,1,475,337,AVXXO,53000,63600,2021-07-29
929,반항하는 인간,1,476,180,KUNHK,121000,145200,2021-08-29
293,배드 가이즈. 4 좀비 고양이의 습격,2,477,131,KPFAG,302000,362400,2021-9-29
"1,029",푸시 : 내 것이 아닌 아이,1,478,284,UCXVM,40000,48000,2021-10-29
992,우연한 생 : 우리가 살지 않은 삶에 관하여,1,479,338,DLOAW,184000,220800,2021-11-29
508,허브와 함께하는 생활 : 오늘 허브를 심자,1,480,217,WNMMD,62000,74400,2021-12-29
"1,036",형사의 약속,1,481,339,PSXQD,47000,56400,2022-01-29
718,고마워 교실,1,482,340,DRCIP,91000,109200,2021-01-29
838,양방언 피아노 콘서트=Yang Bang Ean Piano concert,1,483,341,IZPZX,30000,36000,2021-2-27
205,장르소설 입문자를 위한 글쓰기,1,484,342,EHQZV,214000,256800,2021-03-29
481,비건 홈카페 : 카페 맛 그대로 비건 요리와 베이킹,1,485,343,OOTXA,35000,42000,2021-04-29
744,실리콘밸리를 읽으면 미국 주식이 보인다,1,486,340,LXUXK,117000,140400,2021-05-29
378,달나라의 정원사,2,487,344,JDWGO,387000,464400,2021-06-29
542,나는 까칠하게 살기로 했다 : 큰글자도서,1,488,42,AETGN,96000,115200,2021-07-29
544,나는 외롭다고 아무나 만나지 않는다 : 큰글자도서,1,488,42,YVAYD,98000,117600,2021-08-29
892,남성여중 구세주,1,489,32,WWDEM,84000,100800,2021-9-29
17,그러라 그래,1,490,69,GIFTU,26000,31200,2021-10-29
863,(처음부터 시작하는 어션영어의)진짜 기초영어,1,491,282,PYKAQ,55000,66000,2021-11-29
865,(한글로 쉽게 배우는 어션영어의)진짜 기초영어 : 파닉스 편,1,491,282,YTPVR,57000,68400,2021-12-29
657,태도의 말들 : 큰글자도서,1,492,68,EWMVQ,30000,36000,2022-01-29
571,고양이는 내게 행복하라고 말했다 : 큰글자도서,1,493,165,AVTPA,125000,150000,2021-01-29
354,사랑의 학교,2,494,324,OXPKW,363000,435600,2021-2-27
895,내 손을 놓아줘 : 디그니타스로 가는 4일간의 여정,1,495,345,GVAOR,87000,104400,2021-03-29
944,샘 호손 박사의 두 번째 불가능 사건집,1,496,346,JZPDL,136000,163200,2021-04-29
120,모기 뒤에 숨은 코끼리 : 우리가 사소한 일에 흥분하는 이유,1,497,347,HPYKX,129000,154800,2021-05-29
179,라스트 듀얼 : 최후의 결투,1,498,348,NMKGN,188000,225600,2021-06-29
813,우리는 실내형 인간 : 하루의 90%를 육면체 공간에서 보내는 이들을 위한 실내 과학,1,499,349,DTDRL,186000,223200,2021-07-29
960,아기 판다 푸바오=Baby panda Fubao : 장난꾸러기 푸바오의 성장 포토 에세이,1,500,350,PBWSR,152000,182400,2021-08-29
696,그게 가스라이팅이야 : 자기 불신에서 벗어나 삶의 확신을 되찾는 자아회복 지침서,1,501,351,NWTWB,69000,82800,2021-9-29
88,왜 좋은 습관은 어렵고 나쁜 습관은 쉬울까,1,502,352,XVKCG,97000,116400,2021-10-29
"1,032",하피스 잔혹한 소녀들,1,503,214,FIFDA,43000,51600,2021-11-29
54,오늘은 용돈 받는 날 : 용돈을 똑똑하게 관리하기 위한 첫걸음,2,504,333,LGSVR,63000,75600,2021-12-29
283,오늘은 용돈 받는 날 : 용돈을 똑똑하게 관리하기 위한 첫걸음,2,504,333,WMKCD,292000,350400,2022-01-29
248,(처음 만나는) 소화의 세계,1,505,170,DRHCE,257000,308400,2021-01-29
499,정원생활자의 열두 달 : 그림으로 배우는 실내외 가드닝 수업,1,506,353,HAJNA,53000,63600,2021-2-27
61,소문,1,507,354,JVHUT,70000,84000,2021-03-29
979,오느리의 하루,1,508,106,PQHWQ,171000,205200,2021-04-29
764,(프로그래머 장관 오드리 탕 내일을 위한)디지털을 말하다 : 디지털과 AI가 가져올 소외 없는 세상,1,509,355,DPSLJ,137000,164400,2021-05-29
98,내일도 발레,2,510,356,KZSRK,107000,128400,2021-06-29
464,건강 공부 건강 습관 : 대한민국 대표 건강 주치의 오상우 박사와 함께하는,1,511,260,UVOVU,18000,21600,2021-07-29
463,50 살기 위한 최소한의 운동 : 지금 운동하지 않으면 머지않아 걷지도 못하게 된다,1,512,357,JAWJG,17000,20400,2021-08-29
570,고리의 비밀 : 큰글자도서,1,513,135,JZDAC,124000,148800,2021-9-29
16,외계인 게임,1,514,358,ORZOM,25000,30000,2021-10-29
565,예술적 상상력 : 큰글자도서,1,515,299,UHKRF,119000,142800,2021-11-29
229,복잡계 세상에서의 투자 : 지금껏 설명하지 못한 투자의 신세계,1,516,359,XHTHD,238000,285600,2021-12-29
101,신기한 이야기 반점,2,517,360,IIWHD,110000,132000,2022-01-29
477,무비료 텃밭농사 교과서 : 흙 풀 물 곤충의 본질을 이해하고 채소를 건강하게 기르는 친환경 밭 농사법,1,518,361,ZUYZB,31000,37200,2021-01-29
604,사는 게 참 좋다 : 큰글자도서,1,519,243,RCRQF,158000,189600,2021-2-27
953,스키마와라시,1,520,362,GLZNW,145000,174000,2021-03-29
48,에피타프 도쿄,1,521,363,OXJQM,57000,68400,2021-04-29
701,생각 끄기 연습,1,522,364,ZSIRD,74000,88800,2021-05-29
175,왜 이런 모양일까 : 원리가! 이유가! 재미가! 모두 모양에 담겨있다!. 2,2,523,365,HHJDP,184000,220800,2021-06-29
308,(확보하고 격리하고 보호하라)SCP 재단. 1,2,523,366,UFQHB,317000,380400,2021-07-29
309,(확보하고 격리하고 보호하라)SCP 재단. 2,2,523,365,XZBMN,318000,381600,2021-08-29
986,요네자와 호노부와 고전부,1,524,367,UPROC,178000,213600,2021-9-29
853,디그로쓰: 지구를 식히고 세계를 치유할 단 하나의 시스템 디자인,1,525,368,MAAKS,45000,54000,2021-10-29
804,(수학은 어렵지만)확률·통계는 알고 싶어,1,526,227,VERSP,177000,212400,2021-11-29
828,(색연필로 그리는)고양이와 함께 카페 투어,1,527,369,PXVPP,20000,24000,2021-12-29
"1,011",진상,1,528,370,EBIGQ,22000,26400,2022-01-29
875,경계선,1,529,123,YIHGG,67000,80400,2021-01-29
478,미라클 브레인 푸드 : 망가진 정신 건강을 회복시키는 음식의 놀라운 힘,1,530,371,QHHPA,32000,38400,2021-2-27
386,판다 빵집,2,531,372,HHGFD,395000,474000,2021-03-29
547,둔감력 수업 : 큰글자도서,1,532,42,IAQAV,101000,121200,2021-04-29
426,대통령을 묻어버린 거짓의 산. 1권,1,533,373,GIIRX,409000,490800,2021-05-29
427,대통령을 묻어버린 거짓의 산. 2권,1,533,374,EKCYA,410000,492000,2021-06-29
512,곧 죽을 거니까,1,534,37,DFNGY,66000,79200,2021-07-29
943,새의 이름은 영원히 모른 채,1,535,104,JQCJL,135000,162000,2021-08-29
"1,043",남의 나라 흑역사 : 사건과 인물로 읽는 유럽 어른들의 속사정,1,536,51,TPENI,54000,64800,2021-9-29
761,(개미투자자들의 아버지 윌리엄 번스타인의)투자자 불패본능의 법칙,1,537,375,SVULX,134000,160800,2021-10-29
377,베니스의 상인,2,538,324,VLZLI,386000,463200,2021-11-29
289,진짜 도둑,2,539,131,DLQTA,298000,357600,2021-12-29
290,도미니크,2,539,131,UMCUT,299000,358800,2022-01-29
291,용감한 아이린,2,540,131,EYKUH,300000,360000,2021-01-29
731,별 다섯 개 부탁드려요! : 21세기 신인류 플랫폼 노동자들의 ‘별점인생’ 이야기,1,541,261,OKLDQ,104000,124800,2021-2-27
"1,010",지금부터는 나의 입장,1,542,104,VGEWB,21000,25200,2021-03-29
896,내 이름은 스텔라,1,543,32,JGBRX,88000,105600,2021-04-29
883,그립소 : 이렇게 소들은 소년을 키웠다,1,544,166,ZNHOF,75000,90000,2021-05-29
743,스타트업 주니어로 살아남기 : 첫 직장이 스타트업 이것만은 알고 가자!,1,545,172,VJYBV,116000,139200,2021-06-29
262,지우개 따먹기 법칙,2,546,376,CVGQE,271000,325200,2021-07-29
263,연필 따먹기 법칙,2,547,376,QTZHS,272000,326400,2021-08-29
93,거꾸로 읽는 세계사,1,548,377,PNFJZ,102000,122400,2021-9-29
51,다이얼로그=Diglog: city exhibition : 전시와 도시 사이,1,549,378,WHBQG,60000,72000,2021-10-29
998,일이 끊겨서 글을 씁니다,1,550,379,ZJCDL,190000,228000,2021-11-29
43,버터,1,551,380,QOSOV,52000,62400,2021-12-29
49,달콤한 숨결,1,552,363,YSAGD,58000,69600,2022-01-29
210,거짓의 조금,1,553,381,SCUZN,219000,262800,2021-01-29
873,거짓의 조금,1,553,382,MNPBU,65000,78000,2021-2-27
498,전원주택 조경디테일 : 아름다운 정원 디자인,1,554,383,DLSRO,52000,62400,2021-03-29
500,즐거운 뇌 오감테라피 : 치매를 예방하는 오감 훈련,1,556,384,WGQNA,54000,64800,2021-04-29
525,시니어 행복론 : 노년 행복의 길잡이,1,556,385,OVHNZ,79000,94800,2021-05-29
10,발터 벤야민과 도시산책자의 사유,1,557,123,FBOHI,19000,22800,2021-06-29
746,애매한 재능이 무기가 되는 순간 : 어설픔조차 능력이 되는 시대가 왔다,1,558,386,XEMIR,119000,142800,2021-07-29
607,서점의 말들 : 큰글자도서,1,559,68,DLEJP,161000,193200,2021-08-29
836,세계를 매혹한 돌 : 주얼리의 황금시대 아르누보 벨에포크 아르데코 그리고 현재,1,560,387,PXNDU,28000,33600,2021-9-29
579,나의 할머니에게 : 큰글자도서,1,561,165,SQGLI,133000,159600,2021-10-29
913,라희의 소원나무,1,562,388,KPFCH,105000,126000,2021-11-29
787,(원자와 친해지고 분자가 재밌어지는)도란도란 화학 이야기,1,563,389,VZGUT,160000,192000,2021-12-29
"1,031",하얀 나비 철수,1,564,104,BOBPR,42000,50400,2022-01-29
727,(대한민국에서 제일 쉬운)7일 완성 재무제표 읽기 : 회계 마스터 윤정용이 알려주는 재무3표 스피드 독해법,1,565,23,QEHOE,100000,120000,2021-01-29
141,(처음 배우는) 플라스크 웹 프로그래밍 : 대규모 애플리케이션 개발부터 테스트 배포까지,1,566,209,TJCRO,150000,180000,2021-2-27
112,토토의 쿡! 쿡! 요리 교실,1,567,390,RHNQU,121000,145200,2021-03-29
114,요괴 잡는 해치,2,568,356,GBUKF,123000,147600,2021-04-29
832,라이선스LP 연대기 : 비틀스에서 딥 퍼플까지 퀸에서 너바나까지,1,569,202,LCVAE,24000,28800,2021-05-29
569,계회도 살인사건 : 큰글자도서,1,570,202,REPOX,123000,147600,2021-06-29
942,말을 캐는 시간,1,570,202,LILKU,134000,160800,2021-07-29
430,[만화]만화로 시작하는 초등 글쓰기. 2 후야의 일기 2,2,571,21,TREDI,413000,495600,2021-08-29
238,마냥 슬슬 : 열 가지 술을 테마로 한 소설 + 에세이 + 테이스팅 노트,1,572,388,DAMSQ,247000,296400,2021-9-29
100,일곱 번째 노란 벤치,2,573,131,LHZZW,109000,130800,2021-10-29
618,쓰기의 말들 : 큰글자도서,1,574,68,HLRDJ,172000,206400,2021-11-29
633,올드걸의 시집 : 큰글자도서,1,574,202,CYOTW,187000,224400,2021-12-29
656,칼의 아이 : 큰글자도서,1,575,109,SMUVA,29000,34800,2022-01-29
265,아무것도 모른 채 어른이 되었다,1,576,391,XYXQJ,274000,328800,2021-01-29
962,아무것도 모른 채 어른이 되었다,1,577,392,ZPGGF,154000,184800,2021-2-27
753,재개발될 빌라 리모델링할 아파트 : 법인과 개인들이 몰려와 투자할 부동산은 따로 있다,1,578,393,DTHWZ,126000,151200,2021-03-29
"1,075",힌두교사 깊이 읽기 종교학이 아닌 역사학으로,1,579,10,JOOYZ,86000,103200,2021-04-29
805,수학을 배워서 어디에 쓰지 : 처음 만나는 수학의 역사,1,580,394,NTFPN,178000,213600,2021-05-29
810,숨은 길 찾기,1,581,395,XLDVX,183000,219600,2021-06-29
373,내 동생은 고양이가 아니야,2,582,82,OSACQ,382000,458400,2021-07-29
"1,050",문화재 전쟁 : 전쟁과 약탈 그리고 회복,1,583,396,IHVSH,61000,73200,2021-08-29
440,(세상에서 제일 쉬운)키네마스터 영상 편집 : 스마트폰으로 유튜브 & SNS 콘텐츠 제작하기,1,584,397,EKSLG,423000,507600,2021-9-29
454,50부터는 물건은 뺄셈 마음은 덧셈 : 이것만 알아도 50 이후의 삶은 풍요로워진다,1,585,220,FULMP,437000,524400,2021-10-29
674,조선 왕 독살사건 : 큰글자도서. 1 문종에서 소현사자까지,1,586,398,ZBCFZ,47000,56400,2021-11-29
675,조선 왕 독살사건 : 큰글자도서. 2 효종에서 고종까지,1,586,398,WDOMH,48000,57600,2021-12-29
418,(Post-covid 19)코로나19 이후 시대와 한국교회의 과제 : 한국교회 공교회성과 공동체성 그리고 공공성을 회복하지 않으면 망한다,1,587,399,ERWPP,401000,481200,2022-01-29
556,나는 심플하게 말한다 : 큰글자도서,1,588,42,ZHIUO,110000,132000,2021-01-29
715,거꾸로 읽는 헌법 : 헌법을 포기한 분들을 위한 필독서,1,589,237,UYZSW,88000,105600,2021-2-27
509,나의 첫 번째 전원주택 짓기 : 만화와 사진으로 보는 전원주택 이야기,1,590,237,WQPAO,63000,75600,2021-03-29
650,천천히 깊이 시를 읽고 싶은 당신에게 : 큰글자도서,1,591,202,SRVUK,23000,27600,2021-04-29
"1,066",역사의 길 현실의 길 : 이만열 교수의 세상 읽기,1,592,10,CLDYB,77000,92400,2021-05-29
138,차라리 결석을 할까,1,593,261,FTHFL,147000,176400,2021-06-29
282,싹 나아 약국의 수상한 비밀 : 신약부터 백신까지,2,594,107,XIVGI,291000,349200,2021-07-29
757,지금 이 목소리를 듣는 것이 우리의 정의다 : 버닝썬 226일 취재 기록,1,595,400,HOUNZ,130000,156000,2021-08-29
950,수어 : 손으로 만든 표정의 말들,1,596,401,WHANE,142000,170400,2021-9-29
62,어스테크 지구가 허락할 때까지 : 지속 생존을 위한 비즈니스 액티비스트 선언,1,597,111,CMPKL,71000,85200,2021-10-29
174,딱 한마디 한국사 : 우리 역사를 움직인 말,2,598,193,FNYPB,183000,219600,2021-11-29
693,파이썬을 이용한 알고리즘 트레이딩 : 아이디어 도출부터 클라우드 배포까지,1,599,397,IWQPD,66000,79200,2021-12-29
502,치매를 치유하고 뇌를 살리는 약용식물보감 : 치매를 잡는 약용식물은 두뇌음식의 왕이다,1,600,402,ATUJM,56000,67200,2022-01-29
"1,039",건축은 어떻게 전쟁을 기억하는가 : 에펠탑에서 콜로세움까지,1,601,403,GWVHW,50000,60000,2021-01-29
869,(누구나 쉽게 이해하고 실천할 수 있는)Dr. Lee의 논리적 글쓰기,1,602,375,KSVCU,61000,73200,2021-2-27
562,깨져라 미학 유쾌하라 예술 : 큰글자도서,1,603,404,DIXPI,116000,139200,2021-03-29
634,우리 둘만 행복하기로 결정했습니다 : 큰글자도서,1,604,405,RQUBP,188000,225600,2021-04-29
"1,064",역사는 앞으로만 나아가지 않는다 : 이석연의 이집트·터키 인문 탐사 기행기,1,605,406,DMSLN,75000,90000,2021-05-29
924,맹탐정 고민 상담소. 2 연애는 오리무중,1,606,123,XNIUZ,116000,139200,2021-06-29
160,(초등탐정 강이치)부메랑 사건. 하,2,607,407,VKWSH,169000,202800,2021-07-29
159,(초등탐정 강이치)부메랑 사건. 상,2,608,407,PVBZM,168000,201600,2021-08-29
672,(조선의 역사를 바꾼) 왕들의 부부싸움 : 큰글자도서,1,609,261,YFXBP,45000,54000,2021-9-29
725,(닥치고 현장!)부동산에 미치다 : 부린이를 위한 특급 투자 비법,1,609,179,IJQTS,98000,117600,2021-10-29
957,식물과 나,1,610,51,WSHQB,149000,178800,2021-11-29
934,불온하고 불완전한 편지,1,611,216,JGOWW,126000,151200,2021-12-29
469,기적을 만드는 걷기 혁명 : 가장 안전하고 쉬운 100세 건강 프로젝트,1,612,408,UKFEO,23000,27600,2022-01-29
644,조금 우울하지만 보통 사람입니다 : 큰글자도서,1,613,248,VHYMV,17000,20400,2021-01-29
315,심술 먹는 마녀,2,614,16,RTCEI,324000,388800,2021-2-27
332,엄마 귓속에 젤리,2,615,409,KFUAO,341000,409200,2021-03-29
452,50+ 스마트 시니어에 주목하라 : 앞으로 20년 소비를 주도할 새로운 시니어의 탄생!,1,616,410,ZJYYL,435000,522000,2021-04-29
311,우주 택배 : 우리에게 지구는 너무 좁다,2,617,350,YPJTA,320000,384000,2021-05-29
880,그 강이 잠들 때 : 심장석의 비밀,1,618,411,HQMTR,72000,86400,2021-06-29
496,제주 오름 트레킹 가이드,1,619,412,ZSWLX,50000,60000,2021-07-29
852,단단한 언어 성장 인도네시아어 초중급,1,620,413,KYJOL,44000,52800,2021-08-29
"1,005",적,1,621,414,BFUEC,16000,19200,2021-9-29
425,링크 업=Link up : 마음을 사로잡는 관계의 기술,1,622,415,FYTOU,408000,489600,2021-10-29
"1,055",사랑에 밑줄친 한국사 : 라푼젤 관나부인에서 스캔들메이커 유감동까지 시와 노래로 남은 연애사건 28,1,623,416,DTDBY,66000,79200,2021-11-29
69,중국 현대사 : 혁명국가에서 경제대국으로,1,624,293,VQLRT,78000,93600,2021-12-29
710,함께 기도하는 밤,1,625,417,WUVYU,83000,99600,2022-01-29
79,모두의 인공지능 with 파이썬 : 누구나 쉽게 시작하는 딥러닝 기초 프로그래밍,1,626,140,BQQQU,88000,105600,2021-01-29
125,숲속 100층짜리 집,2,627,418,HWSLC,134000,160800,2021-2-27
905,평화는 처음이라,1,628,419,VETJK,97000,116400,2021-03-29
608,서평 쓰는 법 : 큰글자도서,1,629,68,FFMUJ,162000,194400,2021-04-29
87,공부의 본질 : 절대 공부를 포기하고 싶지 않은 사람들을 위한 9가지 기술,1,630,420,NHYBA,96000,115200,2021-05-29
507,한 그릇 일상채식 : 평범하게 시작해 오래도록 지속하는 채식라이프,1,631,421,MDYWZ,61000,73200,2021-06-29
188,슬기로운 중학교 입학 준비 : 입시를 결정짓는 중학교 입학 전략,1,632,422,QDQST,197000,236400,2021-07-29
523,불량한 오십,1,633,423,AEAVB,77000,92400,2021-08-29
458,밥풀을 긁어내는 마음으로 : 50대 남자가 설거지를 하며 생각한 것들,1,634,424,NKZPO,12000,14400,2021-9-29
104,황금보의 신비로운 부자 수업,2,635,176,QCGHV,113000,135600,2021-10-29
254,황금보의 신비로운 부자 수업,2,635,176,IFMTN,263000,315600,2021-11-29
353,말의 지옥,2,636,425,WMDWV,362000,434400,2021-12-29
959,쓰는 사람 이은정 : 요즘 문학인의 생활 기록,1,637,400,OUIWJ,151000,181200,2022-01-29
127,(열네 살 경제 영재를 만든) 엄마표 돈 공부의 기적,1,638,21,AKKGN,136000,163200,2021-01-29
415,(열네 살 경제 영재를 만든) 엄마표 돈 공부의 기적,1,639,21,DBZXN,398000,477600,2021-2-27
751,(이은하 세무사의)부동산 절세 오늘부터 1일 : 부동산 세금 아는 만큼 아낀다,1,640,426,AZPOK,124000,148800,2021-03-29
266,수능 상위 0.1%의 비밀 : 공부효율을 100% 올리는 1등급 공부법,1,641,427,BYMXR,275000,330000,2021-04-29
515,나의 까칠한 백수 할머니 : 마흔 백수 손자의 97살 할머니 관찰 보고서,1,642,84,CLEWU,69000,82800,2021-05-29
18,메타버스 이미 시작된 미래 : NFT와 가상현실이 만들어 가는 또 하나의 세상,1,643,428,DDYJR,27000,32400,2021-06-29
155,내가 늙어버린 여름,1,644,69,OLWVZ,164000,196800,2021-07-29
971,어제 그거 봤어 : TV 속 여자들 다시 보기,1,645,258,QHBCF,163000,195600,2021-08-29
473,누가 내 노후를 훔쳐갔을까 : 알고 그리고 행동하자!,1,646,429,RXWPH,27000,32400,2021-9-29
145,몬스터 차일드,2,647,430,WOCKR,154000,184800,2021-10-29
288,몬스터 차일드,2,647,430,XYXBC,297000,356400,2021-11-29
96,꼼꼼한 재은 씨의 스위프트. 기본편,1,648,431,QQDKX,105000,126000,2021-12-29
97,꼼꼼한 재은 씨의 스위프트. 문법편,1,648,431,OWBAY,106000,127200,2022-01-29
152,꼼꼼한 재은 씨의 스위프트. 실전편,1,648,431,QBYXL,161000,193200,2021-01-29
709,예수님의 기도 학교 : 주기도로 배우는 자유와 신뢰 그리고 공동체,1,649,432,BBIAZ,82000,98400,2021-2-27
364,아들과 아버지,2,650,31,EATXW,373000,447600,2021-03-29
884,글라스드 아이즈,1,651,104,XAIJE,76000,91200,2021-04-29
439,(누구나 쉽게 배우고 따라할 수 있는)스마트폰 활용 교육 백서 : 스마트폰 활용 키오스크 줌(zoom) 완전정복,1,652,433,FFCIC,422000,506400,2021-05-29
532,인어의 걸음마,1,653,202,DZIEE,86000,103200,2021-06-29
329,옳은손 길들이기,2,654,15,KNHWN,338000,405600,2021-07-29
148,그림에 마음을 놓다 : 다정하게 안아주는 심리치유에세이,1,655,434,LWTMZ,157000,188400,2021-08-29
619,아모르파티 : 큰글자도서,1,656,146,IYTCL,173000,207600,2021-9-29
839,오일파스텔 나만의 작품 그리기,1,657,435,PWNKB,31000,37200,2021-10-29
866,10대들의 토닥토닥 : 아무도 모르는 내 마음을 위한 힐링,1,658,436,IRKYN,58000,69600,2021-11-29
606,서른의 휴직 : 큰글자도서,1,659,75,XOSZL,160000,192000,2021-12-29
142,세종의 허리 가우디의 뼈 : 탐정이 된 의사 역사 속 천재들을 진찰하다,1,660,437,IYPQH,151000,181200,2022-01-29
367,엄마의 걱정 공장,2,661,438,XETQE,376000,451200,2021-01-29
143,다정한 철학자의 미술관 이용법 : 알고 보면 가깝고 가까울수록 즐거운 그림 속 철학 이야기,1,662,439,FWCYU,152000,182400,2021-2-27
631,오늘은 운동하러 가야 하는데 : 큰글자도서,1,663,43,IRDLC,185000,222000,2021-03-29
129,나만 괜찮으면 돼 내 인생 : 애써 바꾸지 않아도 그냥 나로 살아도,1,664,21,NSPYL,138000,165600,2021-04-29
63,주식시장의 속성 : 시장을 알아야 투자가 보인다,1,665,440,SPMHR,72000,86400,2021-05-29
756,주식 시장의 속성 : 시장을 알아야 투자가 보인다,1,665,440,SIYCE,129000,154800,2021-06-29
21,오늘 밤 세계에서 이 사랑이 사라진다 해도,1,666,441,ACNLS,30000,36000,2021-07-29
897,내가 좋아하는 사람이 나를 좋아하는,1,667,430,GLHVL,89000,106800,2021-08-29
76,시대의 1등주를 찾아라 : 1등 펀드매니저처럼 생각하고 투자하는 법,1,668,442,TSENU,85000,102000,2021-9-29
256,시대의 1등주를 찾아라 : 1등 펀드매니저처럼 생각하고 투자하는 법,1,668,442,XZHOB,265000,318000,2021-10-29
790,동물이 건강해야 나도 건강하다고요 : 신종 감염병 시대 비인간 동물과의 공존 이야기,1,669,88,WYINI,163000,195600,2021-11-29
310,수상한 국어 탐정단. 1 신비한 책과 수수께끼 왕자,2,670,443,IOIRA,319000,382800,2021-12-29
257,주식 사자처럼 투자하고 거북이처럼 간다 : 이것만 미리 알았어도 좋았을 것들,1,671,444,AYIHR,266000,319200,2022-01-29
255,혼자서 시작하는 자산관리 입문서 : 주식 펀드 연금 보험으로 재테크 준비 A부터 Z까지,1,672,445,QWPHL,264000,316800,2021-01-29
470,나는 손목통증 없이 산다 : 골프엘보 테니스엘보 월상골연화증 손목건초염까지,1,673,294,VGCTC,24000,28800,2021-2-27
149,Svelte로 맛보는 웹 애플리케이션 개발 : 실전 예제로 마스터하는 최신 프런트엔드 프레임워크,1,674,446,FAFKC,158000,189600,2021-03-29
325,더 늦기 전에 당신이 자본주의를 제대로 알면 좋겠습니다 : 평범한 30대 직장인 아빠가 근로소득을 자본소득으로 바꾼 7단계 투자 공부법,1,675,447,VORTQ,334000,400800,2021-04-29
854,(Naver로 배우는)오늘의 영어 회화,1,676,448,BEWIV,46000,55200,2021-05-29
856,착! 붙는 일본어 상용한자 1026,1,677,449,VAGDF,48000,57600,2021-06-29
973,어크로스 더 투니버스,1,678,99,SGIOI,165000,198000,2021-07-29
363,충분히 존경받을 만해,2,679,31,FEOLK,372000,446400,2021-08-29
748,어웨이크닝 : 기술로 사람과 사람을 잇는 커뮤니티매핑 이야기,1,680,93,QOTSE,121000,145200,2021-9-29
538,도서관 여행하는 법 : 큰글자도서,1,681,68,ZVCBV,92000,110400,2021-10-29
643,(임정섭의)글쓰기 훈련소 : 큰글자도서,1,682,398,MZNYD,16000,19200,2021-11-29
243,헐렁 씨의 뒤죽박죽 만물상 : 나를 키우는 힘! 창의성,2,683,450,VNFEQ,252000,302400,2021-12-29
15,지그문트 바우만을 읽는 시간 : 불안한 현대인에게 전하는 바우만의 철학적 사유,1,684,93,IQRTC,24000,28800,2022-01-29
274,나는 너의 페이스메이커,2,685,150,LELTM,283000,339600,2021-01-29
83,우리는 매일 헤매고 해내고 : 오늘을 포기하지 않는 우리들의 이야기,1,686,145,RNKLA,92000,110400,2021-2-27
113,패스 패스 태클,2,687,16,ZQPIN,122000,146400,2021-03-29
484,(사진으로 쉽게 알아보는)우리집 텃밭도감 : 우리집과 텃밭에 숨쉬고 있는 보물,1,688,451,HNJKN,38000,45600,2021-04-29
605,새벽의 방문자들 : 큰글자도서,1,689,165,FMYJD,159000,190800,2021-05-29
"1,030",프렌치 낫 프렌치=French not French : 파리와 소도시에서 보낸 나날,1,690,452,WNKGN,41000,49200,2021-06-29
941,사랑하는 것은 모두 멀리 있다 : 장석남의 적막 예찬,1,691,453,CEGMU,133000,159600,2021-07-29
94,단순한 것이 아름답다,1,692,454,VWHZB,103000,123600,2021-08-29
435,(국어 공부가 되는)초등 어휘력,2,693,455,OXPXO,418000,501600,2021-9-29
514,나는 경비원이다,1,694,259,PDJAQ,68000,81600,2021-10-29
861,작심하고 이번 생엔 끝내는 고사성어,1,695,456,RVTJC,53000,63600,2021-11-29
825,자연스럽게 채식 일상 : 내 속도로 해 보는 비건 연습,1,696,457,IYSBI,17000,20400,2021-12-29
552,조선의 선비 귀신과 通하다 : 큰글자도서,1,697,122,TUZLP,106000,127200,2022-01-29
918,마음만 먹으면,1,698,99,CYEMK,110000,132000,2021-01-29
"1,072",한일 고대사의 재건축. 1 왜(倭)와 임나(任那)의 진실,1,699,458,PNJTN,83000,99600,2021-2-27
"1,073",한일 고대사의 재건축. 2 기마족의 신라 가야 열도 정복사,1,699,458,UQFCP,84000,100800,2021-03-29
"1,074",한일 고대사의 재건축. 3 열도의 내전과 영산강 전방후원분의 비밀,1,699,458,QVFFP,85000,102000,2021-04-29
801,생각을 깨우는 수학 : 수학을 잘하고 싶다면 먼저 생각을 움직여라,1,700,117,DMKFX,174000,208800,2021-05-29
273,베서니와 괴물의 복수,2,701,459,WNDBI,282000,338400,2021-06-29
345,베서니와 괴물의 복수,2,701,460,WYCIZ,354000,424800,2021-07-29
4,(시장을 이긴 숨은 고수 11인의) 초격차 투자법,1,702,302,PSVUV,13000,15600,2021-08-29
862,웹툰 중국어 : 나의 아름다운 이웃. 1,1,703,194,GHVMO,54000,64800,2021-9-29
"1,013",채만식을 읽다,1,704,461,JWBYA,24000,28800,2021-10-29
"1,035",현진건을 읽다,1,704,39,SMKUI,46000,55200,2021-11-29
879,궤도의 밖에서 나의 룸메이트에게,1,705,123,UIQND,71000,85200,2021-12-29
297,일등학원 준비반 준비반,2,706,241,FFTLA,306000,367200,2022-01-29
296,왈왈별 토토,2,707,31,JGDHI,305000,366000,2021-01-29
294,평범한 천재,2,708,82,TKMJT,303000,363600,2021-2-27
857,쓰면 뱉는 쉬운 영작문,1,709,194,EBEMF,49000,58800,2021-03-29
146,우리 아이 수학 영재 만들기,1,710,462,HTUSR,155000,186000,2021-04-29
550,위험한 사전 : 큰글자도서,1,711,67,FMCXN,104000,124800,2021-05-29
566,내 맘 같지 않은 : 큰글자도서,1,711,463,ZSZWZ,120000,144000,2021-06-29
586,독재자 리아민의 다른 삶 : 큰글자도서,1,712,165,FJUMJ,140000,168000,2021-07-29
965,아이 틴더 유,1,713,99,KMTNH,157000,188400,2021-08-29
575,꽃잎처럼 : 큰글자도서,1,714,43,SETGX,129000,154800,2021-9-29
729,미디어 너 때는 말이야 : 유튜브와 함께 보는 청소년을 위한 미디어 이야기,1,715,235,KTYGV,102000,122400,2021-10-29
752,인공지능 너 때는 말이야,1,715,235,GTTJN,125000,150000,2021-11-29
585,대한 독립 만세 : 큰글자도서,1,716,202,IRGPN,139000,166800,2021-12-29
59,조선의 형사들 : 사라진 기와,1,717,464,NERKE,68000,81600,2022-01-29
198,성장하는 오십은 늙지 않는다 : 인생 후반전을 주체적으로 살기 위한 to do list,1,718,465,BYKZU,207000,248400,2021-01-29
421,(한 권으로 끝내는) 타오바오+알리바바 직구 완전정복 : 타오바오·알리바바 직구 실제 절차 그대로 전 과정을 순서대로 담았다!,1,719,287,LEFFI,404000,484800,2021-2-27
837,아는 척! 하기 딱 좋은 공연 이야기 : 주눅들지 않고 공연 두 배로 즐기기,1,720,466,ZGEJB,29000,34800,2021-03-29
"1,016",청기와 주유소 씨름 기담,1,721,46,EGOVM,27000,32400,2021-04-29
948,소확행하는 고양이=A cat of small but sure happiness : 새로운 일본의 이해,1,722,467,YGQCY,140000,168000,2021-05-29
847,(핵심만 쏙쏙 짚어내는)1일 1페이지 영어 365,1,723,41,DIVZB,39000,46800,2021-06-29
647,채우지 않아도 삶에 스며드는 축복 : 큰글자도서,1,724,248,ZGOZD,20000,24000,2021-07-29
723,다산의 법과 정의 이야기 : 조선시대 살인사건 수사일지,1,725,172,FLRMX,96000,115200,2021-08-29
560,자산어보 : 큰글자도서,1,726,202,FYCXQ,114000,136800,2021-9-29
92,나는 내 딸이 이기적으로 살기 바란다,1,727,468,BRLDN,101000,121200,2021-10-29
66,잘했고 잘하고 있고 잘 될 것이다,1,728,469,RACWG,75000,90000,2021-11-29
903,단정한 실패,1,729,180,ZSFYI,95000,114000,2021-12-29
908,당신이 잘 있으면 나도 잘 있습니다 : 단단한 생각의 말들이 이루는 공감과 울림,1,730,245,KHXSW,100000,120000,2022-01-29
719,그렇게 가족이 된다 : 핏줄신화를 넘어 또 다른 가족을 상상하며,1,731,470,YIVHA,92000,110400,2021-01-29
162,리더스 챕터북 영어 공부법 : 영어책 좋아하는 아이의 비밀,1,732,471,DAVCO,171000,205200,2021-2-27
215,당신을 위한 것이나 당신의 것은 아닌 : 서울과 파리를 걸으며 생각한 것들,1,733,123,LGGHT,224000,268800,2021-03-29
8,(되는 곳만 골라 발 빠르게 투자하는) 대한민국 재건축 재개발 지도,1,734,42,CYZNI,17000,20400,2021-04-29
53,안나푸르나에서 밀크티를 마시다 : 하염없이 재밌고 쓸데없이 친절한 안나푸르나 일주 트레킹 : 큰글자책,1,734,472,XETRI,62000,74400,2021-05-29
312,또쓰또 탐정단,2,735,473,FBFYY,321000,385200,2021-06-29
889,나보다 어렸던 엄마에게,1,736,474,JDCWU,81000,97200,2021-07-29
"1,067",인천 : 여행자를 위한 도시 인문학,1,737,315,WVPQV,78000,93600,2021-08-29
649,천강에 비친 달 : 큰글자도서,1,738,143,UUYFB,22000,26400,2021-9-29
980,오늘도 좋아하는 일을 하며 삽니다 : 어른을 위한 그림책방 카모메 이야기,1,739,475,ZKXDE,172000,206400,2021-10-29
7,지금 죽으러 갑니다,1,740,81,PMANJ,16000,19200,2021-11-29
191,달의 눈물,2,741,33,DLEUN,200000,240000,2021-12-29
654,침입자들 : 큰글자도서,1,742,165,GEAVR,27000,32400,2022-01-29
479,발효 음식 인문학 : 기다림이 빚은 궁극의 맛 문화로 풀어내다,1,743,476,TXWNQ,33000,39600,2021-01-29
"1,038",강릉 : 여행자를 위한 도시 인문학,1,744,315,IPBZN,49000,58800,2021-2-27
517,나이를 염색하기,1,745,477,LFTTL,71000,85200,2021-03-29
316,무적 판박이가 나타났다,2,746,390,NLNLI,325000,390000,2021-04-29
771,10대에 프로그래머가 되고 싶은 나 어떻게 할까,1,747,28,CWFPU,144000,172800,2021-05-29
39,우리 아이 어떻게 사랑해야 할까 : 세상에서 가장 행복한 아이로 키우는 덴마크식 자녀 교육,1,748,177,XIIZO,48000,57600,2021-06-29
147,우리 아이 어떻게 사랑해야 할까 : 세상에서 가장 행복한 아이로 키우는 덴마크식 자녀 교육,1,748,177,TBEAU,156000,187200,2021-07-29
809,스케일이 전복된 세계 : 무한 확장되고 복잡해지는 21세기 문제들의 공통점,1,749,299,TAZSQ,182000,218400,2021-08-29
497,잠시 먹기를 멈추면 : 삶을 축제로 만드는 간헐적 단식의 모든 것,1,750,478,TMRGS,51000,61200,2021-9-29
"1,057",(세계사에 기억된)50개의 장소 : 시대의 이야기를 품은 특별한 공간 땅 위에 남겨진 역사를 읽다,1,751,80,LMHMQ,68000,81600,2021-10-29
888,나를 숙고하는 삶 : 절반쯤 왔어도 인생이 어려운 당신에게,1,752,36,IAFUO,80000,96000,2021-11-29
648,책 정리하는 법 : 큰글자도서,1,753,68,QRTSM,21000,25200,2021-12-29
105,별 한 개 반 수호천사 카드,2,754,479,SJAZO,114000,136800,2022-01-29
230,별 한 개 반 수호천사 카드,2,754,479,XRQOD,239000,286800,2021-01-29
926,멋지게 말하고 싶습니다 : 나를 바꾸는 말의 힘,1,755,480,LXMKB,118000,141600,2021-2-27
901,너의 유니버스,1,756,430,CTZIU,93000,111600,2021-03-29
742,(4배 속도로 읽고 한 번 보면 잊지 않고 무엇이든 빨리 배우는)슈퍼러너 공부법,1,757,481,ULGYL,115000,138000,2021-04-29
666,현남 오빠에게 : 큰글자도서,1,758,42,ITJQS,39000,46800,2021-05-29
446,인생은 왜 50부터 반등하는가 : 브루킹스연구소 수석연구원이 찾아낸 행복의 조건,1,759,482,TEXAZ,429000,514800,2021-06-29
956,시체와 폐허의 땅,1,760,81,ZHJEG,148000,177600,2021-07-29
612,소농의 공부 : 큰글자도서,1,761,68,YAHYA,166000,199200,2021-08-29
31,곰이 왔어!,2,762,8,KPDBW,40000,48000,2021-9-29
844,축구의 제국 프리미어리그 : 가장 부유하고 파괴적인 스포츠 산업이 되기까지,1,763,483,IMPJE,36000,43200,2021-10-29
923,맬로리 : 새장 밖으로 나간 사람들,1,764,484,XQNMS,115000,138000,2021-11-29
931,버드 박스,1,764,484,DQGBN,123000,147600,2021-12-29
372,마음안경점,2,765,485,WIPTP,381000,457200,2022-01-29
237,(Why)소프트웨어와 코딩,2,766,486,HEESR,246000,295200,2021-01-29
135,언바운드=Unbound : 게임의 룰을 바꾸는 사람들의 성장 법칙,1,767,284,QQTAW,144000,172800,2021-2-27
819,내가 아이를 힘들게 하는 것은 아닐까. 감정적으로 독립된 아이로 키우는 법,1,768,487,AHBRM,11000,13200,2021-03-29
885,꿈에서 만나,1,769,430,QGTTJ,77000,92400,2021-04-29
"1,023",팀플레이,1,770,99,EVRYV,34000,40800,2021-05-29
524,상처는 아프다 언제나 이별은 낯설다 누구에게나,1,771,237,IVVJA,78000,93600,2021-06-29
22,완벽한 생애,1,772,46,KWARW,31000,37200,2021-07-29
121,과학을 만든 사람들 : 과학사에 빛나는 과학 발견과 그 주인공들의 이야기,1,773,488,DREMV,130000,156000,2021-08-29
158,[만화]존리의 경제 마스터 : 전문가에게 배우는 쓸모 있는 지식,2,774,38,TEVUD,167000,200400,2021-9-29
74,(THE)KINFOLK GARDEN(킨포크 가든) : 자연의 기쁨을 삶에 들이는 시간,1,775,171,FMPRE,83000,99600,2021-10-29
419,모든 주식을 소유하라 : 시장과 시간이 검증한 투자의 원칙,1,776,489,LJKVD,402000,482400,2021-11-29
558,몸값 높이기의 기술 : 큰글자도서,1,777,42,DHMVC,112000,134400,2021-12-29
313,하늘에서 돌이 쿵!,2,778,490,LNJWR,322000,386400,2022-01-29
689,책대로 해 봤습니다 : 저마다의 꼭 맞는 삶을 찾아서,1,779,321,CRFJP,62000,74400,2021-01-29
981,오늘도 집사는 마감 중 : 호기심 많은 고양이와 충직한 집사의 동고동락 에세이,1,780,491,TZQZD,173000,207600,2021-2-27
846,혼자서 시작하는 아트 테라피 : 그림으로 마음의 안부를 묻다,1,781,492,JUTFS,38000,45600,2021-03-29
697,나는 왜 불안한가 : 세 평 진료실에서 철학 숲과 미술 정원을 산책하다,1,782,493,VBUDA,70000,84000,2021-04-29
952,스카이라이트=Skylight,1,783,494,DDXGK,144000,172800,2021-05-29
468,건강하고 즐거운 스텝박스 레시피 : 다이어트 무릎재활 지도자를 위한 스텝박스 운동 프로그램,1,784,384,DVOHP,22000,26400,2021-06-29
593,아버지의 뒷모습 : 큰글자도서,1,785,170,ZNPCR,147000,176400,2021-07-29
456,누구도 홀로 외롭게 병들지 않도록 : 영국 사회를 뒤흔든 프롬 마을의 컴패션 프로젝트,1,786,495,SANYC,10000,12000,2021-08-29
588,또 이 따위 레시피라니 : 큰글자도서,1,787,42,EAFHU,142000,170400,2021-9-29
616,시대의 소음 : 큰글자도서,1,788,43,WUSGQ,170000,204000,2021-10-29
601,빨간 코트를 입은 남자,1,789,43,SCVDE,155000,186000,2021-11-29
626,연애의 기억 : 큰글자도서,1,789,43,NGTXG,180000,216000,2021-12-29
628,예감은 틀리지 않는다 : 큰글자도서,1,790,42,VZCUU,182000,218400,2022-01-29
772,1분 물리학,1,791,496,QROMY,145000,174000,2021-01-29
882,그래도 여행은 꽃핀다 : 사부작사부작 지구촌 마실 열세 명의 인생 발자국,1,792,497,OBXFI,74000,88800,2021-2-27
211,정신분석 강의,1,793,322,ROEUU,220000,264000,2021-03-29
548,마음이 흐르는 대로 : 큰글자도서,1,794,42,RBHIH,102000,122400,2021-04-29
664,(인싸춤 한방으로 전국을 뒤흔든)할담비 인생 정말 모르는 거야! : 큰글자도서,1,795,261,AARFV,37000,44400,2021-05-29
703,EBS 지식채널 × 생각의 힘,1,796,498,ZHPTN,76000,91200,2021-06-29
758,EBS 지식채널×젠더 스펙트럼,1,796,54,XOHKW,131000,157200,2021-07-29
261,오늘부터 배프! 베프!,2,797,123,YDRBO,270000,324000,2021-08-29
803,수학사 아는 척하기 : 수학의 원리가 한눈에 읽히는 수학사,1,798,499,JSLDR,176000,211200,2021-9-29
336,채터 당신 안의 훼방꾼 : 꼬리에 꼬리를 무는 생각과 거리 두는 기술,1,799,69,RHXSR,345000,414000,2021-10-29
955,시구문 : 죽은 자를 내어가는 문,1,800,32,BJDYQ,147000,176400,2021-11-29
989,우리가 농구에 미치는 이유,1,801,409,QDKOO,181000,217200,2021-12-29
724,다산의 평정심 공부 : 마음을 다스리는 다산의 6가지 철학,1,802,500,GXFGE,97000,116400,2022-01-29
65,기묘한 미술관 : 아름답고 서늘한 명화 속 미스터리,1,803,420,KLFQL,74000,88800,2021-01-29
939,빛이 스며드는 곳,1,804,501,ADVYY,131000,157200,2021-2-27
780,그대에게 나비,1,805,502,ARDOD,153000,183600,2021-03-29
589,란란의 아름다운 날 : 큰글자도서,1,806,503,BXBWN,143000,171600,2021-04-29
444,아프다면서 병원에도 가지 않으시고 : 노인정신의학 전문의가 알려 주는 돌봄 심리학,1,807,504,SBJSW,427000,512400,2021-05-29
67,(라온이네) 사계절 자연미술놀이 : 놀이 중심 아이 중심! 아이 주도적으로 참여하는 엄마표 미술,1,808,75,URFRE,76000,91200,2021-06-29
906,당신과 나의 주파수를 찾습니다 매일 : 라디오 스튜디오에서 보낸 단짠단짠 16년,1,809,120,TVBAS,98000,117600,2021-07-29
55,내 몸이 빛나는 순간 마이 키토채식 레시피,1,810,505,ANZDE,64000,76800,2021-08-29
60,마술 피리 : 동화 속 범죄사건 추리 파일,1,811,506,LAFWJ,69000,82800,2021-9-29
164,엄마에게 사랑이 아닌 상처를 받은 너에게 : 내 마음 깊은 곳에서 울고 있는 내면 아이를 다독이는 법,1,812,507,SYGCY,173000,207600,2021-10-29
131,우리는 언젠가 만난다 : 나 타인 세계를 이어주는 40가지 눈부신 이야기,1,813,187,BDRRE,140000,168000,2021-11-29
344,(채사장의) 지대넓얕 : 지적 대화를 위한 넓고 얕은 지식. 01 권력의 탄생,2,814,508,XMFOH,353000,423600,2021-12-29
42,부동산 공부는 처음이라,1,815,509,GXPGW,51000,61200,2022-01-29
732,부동산 공부는 처음이라,1,815,509,EKAHM,105000,126000,2021-01-29
714,가려진 세계를 넘어 : 우리는 계속해서 말할 것이다,1,816,510,BNJKB,87000,104400,2021-2-27
602,쓴맛이 사는 맛 : 큰글자도서,1,817,511,WEDLW,156000,187200,2021-03-29
239,귀신 사냥꾼이 간다. 1: 요괴마을,2,818,131,WBNKC,248000,297600,2021-04-29
692,(파이썬·케라스로 시작하는)AI 기초 : 환경구축에서 초급활용까지,1,819,512,NPGRY,65000,78000,2021-05-29
422,인공지능 : 파이썬으로 배우는 머신러닝과 딥러닝,1,820,513,XCVSI,405000,486000,2021-06-29
788,도핑의 과학 : 경기장을 뒤흔든 금지된 약물의 비밀,1,821,514,JRSUT,161000,193200,2021-07-29
765,한 권으로 끝내는 정치테마주 : 정치는 어떻게 주가를 움직이는가,1,822,515,OVFYR,138000,165600,2021-08-29
640,이중섭 : 큰글자도서. 1 게와 아이들과 황소,1,823,43,IYFBM,13000,15600,2021-9-29
641,이중섭 : 큰글자도서. 2 순수한 모순의 사랑,1,823,43,PBNGC,14000,16800,2021-10-29
702,식물에게 배우다,1,824,516,HAUWL,75000,90000,2021-11-29
5,비우니 좋다,1,825,517,PICFL,14000,16800,2021-12-29
599,보라색 사과의 마음 : 큰글자도서,1,826,43,OBVPQ,153000,183600,2022-01-29
366,해녀 새벽이,2,827,31,SNPLL,375000,450000,2021-01-29
"1,014",책을 브런치로 먹는 엄마 : 기적을 만드는 엄마 성장 독서의 시작,1,828,518,NKXVH,25000,30000,2021-2-27
388,고릴라 올림픽! 우리 윗집이라니!,2,829,519,LBUBJ,397000,476400,2021-03-29
722,내일의 도시를 생각해 : 우리가 먹고 자고 일하고 노는 도시의 안녕을 고민하다,1,830,520,URTEK,95000,114000,2021-04-29
"1,049",목포,1,831,17,DYFQR,60000,72000,2021-05-29
736,사장으로 견딘다는 것 : 사업과 사람을 지키는 사장의 내공,1,832,465,PQQBX,109000,130800,2021-06-29
535,서귀포 대정마을 영화제 : 서귀포시서부종합사회복지관 단기사회사업 실습기록,1,833,521,KZCAN,89000,106800,2021-07-29
482,빨리 은퇴하라 : 오직 당신만을 위한 은퇴 후 창업 창직 가이드 코칭북,1,834,522,NFKIK,36000,43200,2021-08-29
516,나이든 후의 헤어스타일,1,835,523,TCAHT,70000,84000,2021-9-29
617,(오직 싱글만을 위한 마을)싱글빌 : 큰글자도서,1,836,43,DHBNN,171000,205200,2021-10-29
369,이레의 마지막 24시간,2,837,356,MDBEM,378000,453600,2021-11-29
350,운동장 아래 100층 학교. 4 숨겨진 교실의 비밀,2,838,152,UIFDC,359000,430800,2021-12-29
107,내 멋대로 행운 뽑기,1,839,152,JXVMW,116000,139200,2022-01-29
814,우주 쓰레기가 온다 : 지속 가능한 평화적 우주 활동을 위한 안내서,1,840,167,LZZVY,187000,224400,2021-01-29
951,슈뢰딩거의 아이들,1,841,524,BXLWC,143000,171600,2021-2-27
328,온라인 판매 사업을 한다는 것 : 노트북 한 대로 창업한 30대 직장인이 기업가치 1000억 회사를 만든 비밀,1,842,525,WHHZD,337000,404400,2021-03-29
797,발칙한 수학책 : 복잡한 계산 없이 그림과 이야기로 수학머리 만드는 법,1,843,526,YARDZ,170000,204000,2021-04-29
429,(에듀트레이드허브) 무역·물류 실무자 상담 사례집 : 실무자와 무역 초보자를 위한 무역 실무 Q&A,1,844,179,HCBIB,412000,494400,2021-05-29
137,(너무 늦기 전에 들어야 할) 카르마 강의,1,845,69,WXRRZ,146000,175200,2021-06-29
"1,000",일주일,1,846,99,NVOHS,11000,13200,2021-07-29
360,미국 주식으로 은퇴하기. 2 실전투자편,1,847,162,SYGEO,369000,442800,2021-08-29
"1,071",하브루타 국보여행,1,848,527,NZRKT,82000,98400,2021-9-29
671,역사의 쓸모 : 큰글자도서,1,849,398,URAKC,44000,52800,2021-10-29
528,은퇴 형사 동철수의 영광,1,850,234,ZWRWJ,82000,98400,2021-11-29
695,한 권으로 끝내는 온라인 교육&회의,1,851,528,MXVZA,68000,81600,2021-12-29
240,싹 쓸어 빗자루,2,852,266,XUWOM,249000,298800,2022-01-29
881,그는 흰 캐딜락을 타고 온다,1,853,165,LMKKC,73000,87600,2021-01-29
47,완벽한 아내를 위한 레시피,1,854,529,MHRES,56000,67200,2021-2-27
963,아무것도 없다,1,855,530,EVFLC,155000,186000,2021-03-29
457,당신의 나이는 당신이 아니다 : 가치 있는 삶을 위한 10가지 조언,1,856,531,JFPWQ,11000,13200,2021-04-29
"1,048",로마의 운명 : 기후 질병 그리고 제국의 종말,1,857,532,VGJOW,59000,70800,2021-05-29
335,마이너 필링스 : 이 감정들은 사소하지 않다,1,858,349,ZAQZP,344000,412800,2021-06-29
759,직장에 연연하지 않기 : 좋아하는 일을 사업으로 성공시키는 법,1,859,531,JRICF,132000,158400,2021-07-29
850,2 WEEKS 비즈니스 영어 : 이메일(EMAIL),1,860,533,LRJJU,42000,50400,2021-08-29
721,나의 첫 재개발 실전 투자 : 평범한 직장인도 쉽게 따라 할 수 있는,1,861,534,BYBDK,94000,112800,2021-9-29
192,네 번의 노크,1,862,284,ZGMLA,201000,241200,2021-10-29
878,국경을 넘어,1,863,180,BDMOE,70000,84000,2021-11-29
"1,025",평원의 도시들,1,863,180,LVVEZ,36000,43200,2021-12-29
428,바울이 본 그리스도와의 연합 : 바울의 구원론에 대한 석의-신학적 연구,1,864,399,BJPYC,411000,493200,2022-01-29
928,믿을 수 없게 시끄럽고 참을 수 없게 억지스러운 : 콜센터 상담 노동 이야기,1,865,535,HIBDP,120000,144000,2021-01-29
252,나를 살리는 관계 : 단절의 시대 그럼에도 불구하고 우리는 연결되어 있다,1,866,21,TPCWF,261000,313200,2021-2-27
911,디어 와이프,1,867,536,HPPUN,103000,123600,2021-03-29
117,동물과 말하는 아이 릴리. 2 호랑이를 사랑한 사자,2,868,537,RRHNG,126000,151200,2021-04-29
281,달고나 예리!,1,869,32,TWBQC,290000,348000,2021-05-29
300,유재와 마카 대추나무를 지켜라!,2,870,538,LEAOS,309000,370800,2021-06-29
29,(중학생이 보는) 그리스 로마 신화,1,871,539,SQPQE,38000,45600,2021-07-29
9,어둠 속에서 헤엄치기,1,872,540,DTJUV,18000,21600,2021-08-29
781,꿀벌의 숲속살이 : 야생 꿀벌은 어떻게 살아갈까,1,873,541,UFIJK,154000,184800,2021-9-29
635,우리가 살아 있는 모든 순간 : 큰글자도서,1,874,42,XAGUE,189000,226800,2021-10-29
845,크리스토퍼 놀란 : 첫 작품부터 현재까지 놀란 감독의 영화와 비밀,1,875,542,QOOGI,37000,44400,2021-11-29
673,인간의 흑역사 : 큰글자도서,1,876,171,LPLQH,46000,55200,2021-12-29
886,나는 가끔 내가 싫다가도 애틋해서,1,877,21,SNHTO,78000,93600,2022-01-29
134,아이들을 놀게 하라 : 아이들의 몸 두뇌 마음을 성장시키는 놀이의 중요성,1,878,543,SRVDY,143000,171600,2021-01-29
940,사라진 소녀들,1,879,544,TSXHJ,132000,158400,2021-2-27
728,모럴컴뱃 : 게임 중독과 게임의 폭력성을 둘러싼 잘못된 전쟁,1,#N/A,545,IZJDV,101000,121200,2021-03-29
700,삼국지는 어쩌다 세상을 보는 창이 됐을까 : 삼국지로 배우는 인간관계의 법칙 120,1,881,546,CWUDM,73000,87600,2021-04-29
119,[만화]뉴욕에서 보물찾기,2,882,78,JGCNZ,128000,153600,2021-05-29
132,[만화]리스본에서 보물찾기,2,882,38,NEFNQ,141000,169200,2021-06-29
510,오프 그리드 라이프 : 일상에서 벗어난 삶,1,883,217,TFBVP,64000,76800,2021-07-29
738,새로운 전쟁 : 인공지능과 로봇은 전쟁을 어떻게 바꿀 것인가,1,884,53,SKASI,111000,133200,2021-08-29
982,오늘의 표정,1,885,547,QLCAQ,174000,208800,2021-9-29
36,아우성 빨간책 : 아빠와 아들이 함께 보는 성교육 Q&A. 남자 청소년 편,1,886,548,UAQMU,45000,54000,2021-10-29
796,바다 생물 콘서트 : 바다 깊은 곳에서 펄떡이는 생명의 노래를 듣다,1,887,549,NBPYP,169000,202800,2021-11-29
341,고양이 명탐정 윈스턴 : 황금 마스크 도난 사건,2,888,241,VMYDO,350000,420000,2021-12-29
222,듄의 아이들,1,889,81,ILBPN,231000,277200,2022-01-29
338,나보다 소중한 사람이 생겨버렸다,1,890,43,BQZHF,347000,416400,2021-01-29
598,베어타운 : 큰글자도서,1,890,43,DCCRW,152000,182400,2021-2-27
600,브릿마리 여기 있다 : 큰글자도서,1,890,42,TVYCF,154000,184800,2021-03-29
639,우리와 당신들 : 큰글자도서,1,890,43,VJKJW,12000,14400,2021-04-29
642,일생일대의 거래 : 큰글자도서,1,890,43,EQQRZ,15000,18000,2021-05-29
662,하루하루가 이별의 날 : 큰글자도서,1,890,42,KCJVF,35000,42000,2021-06-29
665,할머니가 미안하다고 전해달랬어요 : 큰글자도서,1,890,43,CVVVS,38000,45600,2021-07-29
326,니체와의 대화 : 자신을 사랑하고 존경하라,1,891,550,XOZVW,335000,402000,2021-08-29
996,이까짓 작심삼일 : 매일 하지 않아도 괜찮아,1,892,318,FJCLT,188000,225600,2021-9-29
124,위대한 쇼맨 : 쇼 비즈니스의 개척자 바넘 자서전,1,893,551,EGUWM,133000,159600,2021-10-29
691,코드 크래프트 : 신입 개발자를 위한 코드의 기술,1,894,140,UFXHH,64000,76800,2021-11-29
762,팔레스타인의 저항 : 이스라엘과 제국주의에 맞서 해방은 어떻게 가능한가,1,895,552,FJINC,135000,162000,2021-12-29
977,여덟 편의 안부 인사 : 8인 신작 소설,1,896,553,PIMOU,169000,202800,2022-01-29
259,답답이와 도깨비,2,897,554,VFPEV,268000,321600,2021-01-29
581,눈 깜짝할 사이 서른셋 : 큰글자도서,1,898,43,XZGIS,135000,162000,2021-2-27
638,우리들의 작은 신 : 큰글자도서,1,899,135,TXAVU,11000,13200,2021-03-29
849,잘 먹고 싶어서 요리 편지 : 나만을 위한 우편 레시피 상담,1,900,208,PGBRF,41000,49200,2021-04-29
58,돈이 된다! 해외소싱 대박템 : 국내 유명 셀러를 부자로 만든 하사장의 해외소싱 비법 대공개!,1,901,555,HHPWK,67000,80400,2021-05-29
23,작별하지 않는다,1,902,123,BJJQA,32000,38400,2021-06-29
128,작별하지 않는다,1,902,123,HVSNA,137000,164400,2021-07-29
754,(쌀 때 사서 비쌀 때 파는)저평가 우량주 투자지도,1,903,556,RMJGE,127000,152400,2021-08-29
745,아직 끝나지 않은 이야기 : 이주여성의 귀환 이후 한국 사회가 답하지 못한 것들,1,904,11,EFSIQ,118000,141600,2021-9-29
166,아직 끝나지 않은 이야기 : 이주여성의 귀환 이후 한국 사회가 답하지 못한 것들,1,905,11,TGWOM,175000,210000,2021-10-29
52,믿는 인간에 대하여 : 라틴어 수업 두 번째 시간,1,906,549,TCCZS,61000,73200,2021-11-29
3,오늘 상회,1,907,557,APBYR,12000,14400,2021-12-29
11,리추얼의 종말=Vom Verschwinden der Rituale : 삶의 정처 없음을 어떻게 극복할 것인가,1,908,69,VUWMN,20000,24000,2022-01-29
123,이제는 나로 살아야 한다 : 자기실현을 위한 중년의 심리학,1,909,17,JIQZW,132000,158400,2021-01-29
347,수영성 열리지 않는 화장실,2,910,558,BOPDE,356000,427200,2021-2-27
"1,026",폭설이었다 그다음은,1,911,104,PIOKA,37000,44400,2021-03-29
190,메뚜기 악플러글,2,912,559,JWQJZ,199000,238800,2021-04-29
340,메뚜기 악플러글,2,912,559,YEYRV,349000,418800,2021-05-29
584,달콤한 알 : 큰글자도서,1,913,6,GZHSK,138000,165600,2021-06-29
551,율곡 인문학 : 큰글자도서,1,914,14,TNWQB,105000,126000,2021-07-29
327,퇴근 후 스마트스토어로 투잡하기 : 월급이 부족한 직장인이여 시작하라!,1,915,446,JTAJR,336000,403200,2021-08-29
139,아이를 위한 엄마의 자존감 공부,1,916,560,TLBES,148000,177600,2021-9-29
317,꿈의 집,2,917,82,BOFVB,326000,391200,2021-10-29
636,우리가 함께 듣던 밤 : 큰글자도서,1,918,55,MAUYL,190000,228000,2021-11-29
356,[만화](Job) 나는 주식투자 전문가가 될 거야!,2,919,561,XJNVU,365000,438000,2021-12-29
975,얼굴 없는 살인자,1,920,562,ZLRNU,167000,200400,2022-01-29
767,헬로마녀의 적금주식 투자법,1,921,426,TYNCZ,140000,168000,2021-01-29
220,오경수의 비밀,2,922,204,AZOSC,229000,274800,2021-2-27
19,커피 스터디 : 커피 박사 호리구치 선생님의 현장 레슨 12강!,1,923,563,BMKJE,28000,33600,2021-03-29
70,언택트 공부 혁명 : 4차 산업혁명 시대 최고의 교실은 어떻게 배우는가,1,924,155,KKQBI,79000,94800,2021-04-29
"1,001",입만 열면 손해 보는 사람들을 위한 대화책 : 오해가 사라지고 관계가 쉬워지는 기적의 말센스,1,925,564,WRVMR,12000,14400,2021-05-29
420,집안일 반으로 줄이기,1,926,565,HBTBP,403000,483600,2021-06-29
802,수와 기호의 신비 : 숫자와 기호에 담긴 비밀,1,927,528,LLOUY,175000,210000,2021-07-29
887,나는 생각하고 말하는 사람이 되기로 했다 : 말에 품격을 더하는 언어 감수성 수업,1,928,526,SBARI,79000,94800,2021-08-29
433,(EBS 초등 어맛!)사자성어 맛집 : 말맛이 살고 글맛이 좋아지는,2,929,54,CFRBG,416000,499200,2021-9-29
331,전복순과 김참치,2,930,566,YMMHS,340000,408000,2021-10-29
108,거짓 소문을 밝혀라,2,931,567,BTDLB,117000,140400,2021-11-29
486,슬기로운 건강생활 : 10일 동안 익히는 생활 한의학,1,932,568,DNHHJ,40000,48000,2021-12-29
680,감으로만 일하던 김 팀장은 어떻게 데이터 좀 아는 팀장이 되었나 : 비전공자를 위한 데이터 분석 속성 스쿨,1,933,74,NRHTP,53000,63600,2022-01-29
299,내가 김소연진아일 동안 : 황선미 선생님이 들려주는 관계 이야기,2,934,569,GQWZN,308000,369600,2021-01-29
178,이제 돈 되는 공부방이다 : 99% 아마추어 공부방 원장들이 모르는 공부방의 진실,1,935,570,SRGYB,187000,224400,2021-2-27
223,제국의 몰락과 후국의 미래 : 외세를 쫓아가면 민족의 앞날은 없다,1,936,571,PQWAL,232000,278400,2021-03-29
84,일기 日記,1,937,46,UAQND,93000,111600,2021-04-29
130,팔꿈치를 주세요,1,938,572,XDCMS,139000,166800,2021-05-29
741,쇼핑의 미래는 누가 디자인할까 : 10대가 알아야 할 마케팅의 모든 것!,1,939,39,NHRKF,114000,136800,2021-06-29
798,빛의 양자컴퓨터 : 광양자컴퓨터의 원리와 이론 그리고 실현을 향한 여정,1,940,52,JXHQG,171000,205200,2021-07-29
699,눈 감으면 졸리지만 명상은 좀 멋져요 : 진로 성적 SNS 친구 관계로 힘들어하는 10대를 위한 마음챙김 입문서,1,941,28,NOLYY,72000,86400,2021-08-29
28,[만화](흔한남매)별난 방탈출. 3,2,942,38,TAMEA,37000,44400,2021-9-29
930,방황하는 칼날,1,943,214,UEFYX,122000,146400,2021-10-29
937,비밀,1,944,300,BMRUP,129000,154800,2021-11-29
177,기묘한 모모 한약방. 3 딱이구나! 목우인형심단,2,945,573,IPMRL,186000,223200,2021-12-29
157,신비한 고양이 마을. 2 보름달 밤의 축제,2,946,266,GMBUQ,166000,199200,2022-01-29
189,신비한 고양이 마을. 2 보름달 밤의 축제,2,946,266,ARUEE,198000,237600,2021-01-29
133,요괴의 아이를 돌봐드립니다. 9,2,947,235,NEJCJ,142000,170400,2021-2-27
156,요괴의 아이를 돌봐드립니다. 10,2,947,235,ZEXBP,165000,198000,2021-03-29
287,요괴의 아이를 돌봐드립니다. 9,2,947,235,IRNCE,296000,355200,2021-04-29
349,요괴의 아이를 돌봐드립니다. 10,2,947,574,KFAMZ,358000,429600,2021-05-29
276,(비밀의 보석 가게) 마석관. 2,2,948,575,SLVFR,285000,342000,2021-06-29
136,유령 고양이 후쿠코. 3 내 친구를 돌려줘!,2,949,176,TSAAL,145000,174000,2021-07-29
272,유령 고양이 후쿠코. 3 내 친구를 돌려줘!,2,949,176,PSTDO,281000,337200,2021-08-29
587,디 아더 피플 : 큰글자도서,1,950,43,ECHZW,141000,169200,2021-9-29
622,애니가 돌아왔다 : 큰글자도서,1,950,42,ODWRP,176000,211200,2021-10-29
651,초크맨 : 큰글자도서,1,950,43,YQUSB,24000,28800,2021-11-29
935,불타는 소녀들,1,951,43,ASGVH,127000,152400,2021-12-29
"1,020",콘크리트의 섬,1,952,216,CJOYU,31000,37200,2021-01-29
85,크리스마스 피그,2,953,120,VCTRJ,94000,112800,2021-2-27
339,크리스마스 피그,2,953,120,VMBLM,348000,417600,2021-03-29
423,(Python을 이용한) 공학수치해석,1,954,576,PNJFX,406000,487200,2021-04-29
755,종자 세계를 지배하다 : 종자는 누가 소유하는가,1,955,219,MBNZA,128000,153600,2021-05-29
490,알토란 : 만능장편,1,956,577,RZAHK,44000,52800,2021-06-29
450,100세 쇼크 : 100세 시대의 시작 준비됐는가,1,957,578,YGMNP,433000,519600,2021-07-29
909,더는 잠들지 못하리라,1,958,524,WPLCF,101000,121200,2021-08-29
"1,003",자유 국가에서,1,959,180,QKQEB,14000,16800,2021-9-29
307,(YTN사이언스) 과학만사성. 1,2,960,579,ESEWT,316000,379200,2021-10-29